date,actual,predicted_proba,market_return,strategy_return,fold
2016-09-22,1,0.3415199,0.0015122434449735868,-0.0015122434449735868,1
2016-09-23,1,0.25953776,0.002592942292141068,-0.002592942292141068,1
2016-09-26,1,0.22395134,0.0009444893031245314,-0.0009444893031245314,1
2016-09-27,0,0.26571202,-0.002696311903076753,0.002696311903076753,1
2016-09-28,1,0.29247537,0.00048258291459646655,-0.00048258291459646655,1
2016-09-29,0,0.6969708,-0.00048258291459651463,-0.00048258291459651463,1
2016-09-30,1,0.7997399,0.0013472078218555506,0.0013472078218555506,1
2016-10-03,0,0.4373004,-0.0021658898894434467,0.0021658898894434467,1
2016-10-04,1,0.40776545,3.360232562436578e-05,-3.360232562436578e-05,1
2016-10-05,0,0.80242246,-0.00022417864622131028,-0.00022417864622131028,1
2016-10-06,0,0.16026773,-0.005699907005050658,0.005699907005050658,1
2016-10-07,1,0.17812614,0.004691651837804532,-0.004691651837804532,1
2016-10-10,0,0.32846725,-0.005025978007065702,0.005025978007065702,1
2016-10-11,0,0.91882104,-0.007104769738430128,-0.007104769738430128,1
2016-10-12,0,0.85074484,-0.004536195589891394,-0.004536195589891394,1
2016-10-13,1,0.7356511,0.0034305603068918436,0.0034305603068918436,1
2016-10-14,0,0.39880553,-0.007441761541419575,0.007441761541419575,1
2016-10-17,1,0.18089293,0.004352579694611333,-0.004352579694611333,1
2016-10-18,0,0.29586115,-0.0035187297515541743,0.0035187297515541743,1
2016-10-19,0,0.11734459,-0.0001646506380020189,0.0001646506380020189,1
2016-10-20,0,0.18887578,-0.004085401957879828,0.004085401957879828,1
2016-10-21,0,0.26376992,-0.004384409358858094,0.004384409358858094,1
2016-10-24,0,0.23585217,-0.0006527512292521241,0.0006527512292521241,1
2016-10-25,1,0.52065176,0.0010881930929809549,0.0010881930929809549,1
2016-10-26,1,0.45700076,0.002267123672550751,-0.002267123672550751,1
2016-10-27,0,0.05092502,-0.0010687761345710978,0.0010687761345710978,1
2016-10-28,1,0.28606036,0.007703391184510834,-0.007703391184510834,1
2016-10-31,0,0.09169122,-0.001032047021780874,0.001032047021780874,1
2016-11-01,1,0.19773331,0.007600509088301996,-0.007600509088301996,1
2016-11-02,1,0.33119562,0.0036554982779582594,-0.0036554982779582594,1
2016-11-03,1,0.63485134,0.0004439735815214477,0.0004439735815214477,1
2016-11-04,0,0.9392373,-0.00011102860930874295,-0.00011102860930874295,1
2016-11-07,0,0.13479224,-0.004430681626231969,0.004430681626231969,1
2016-11-08,0,0.5320477,-0.0030016218881543464,-0.0030016218881543464,1
2016-11-09,0,0.3645165,-0.008973283929278824,0.008973283929278824,1
2016-11-10,0,0.75768787,-0.00283529727672874,-0.00283529727672874,1
2016-11-11,0,0.35927954,-0.005971422941238589,0.005971422941238589,1
2016-11-14,0,0.5443317,-0.006904091630366802,-0.006904091630366802,1
2016-11-15,0,0.40700185,-0.0021477752071920996,0.0021477752071920996,1
2016-11-16,0,0.3311802,-0.0019290221275351884,0.0019290221275351884,1
2016-11-17,0,0.78323746,-0.00783857389608081,-0.00783857389608081,1
2016-11-18,0,0.13392276,-0.0036582460348251198,0.0036582460348251198,1
2016-11-21,1,0.6667964,0.005146602943733133,0.005146602943733133,1
2016-11-22,0,0.3195658,-0.000478683384408412,0.000478683384408412,1
2016-11-23,0,0.021940792,-0.008365597792199581,0.008365597792199581,1
2016-11-24,1,0.072153024,0.0015830883643818613,-0.0015830883643818613,1
2016-11-25,1,0.49412337,0.004764163866232262,-0.004764163866232262,1
2016-11-28,1,0.5884203,0.0008493102559907696,0.0008493102559907696,1
2016-11-29,1,0.30989996,0.0025523434536833026,-0.0025523434536833026,1
2016-11-30,0,0.53738314,-0.005310066148516394,-0.005310066148516394,1
2016-12-01,1,0.67525715,0.006684755681079142,0.006684755681079142,1
2016-12-02,0,0.25659254,-0.00763756940783257,0.00763756940783257,1
2016-12-05,1,0.75523674,0.016430543065026223,0.016430543065026223,1
2016-12-06,0,0.6159285,-0.0034364582995452253,-0.0034364582995452253,1
2016-12-07,1,0.4920309,0.0038667787464509358,-0.0038667787464509358,1
2016-12-08,0,0.51615554,-0.01315032709034517,-0.01315032709034517,1
2016-12-09,0,0.7439129,-0.006985527551627237,-0.006985527551627237,1
2016-12-12,1,0.7718496,0.008899219392906341,0.008899219392906341,1
2016-12-13,0,0.23735699,-0.0011699590234880463,0.0011699590234880463,1
2016-12-14,0,0.48963198,-0.010888585673538545,0.010888585673538545,1
2016-12-15,0,0.5114286,-0.009105718970210059,-0.009105718970210059,1
2016-12-16,1,0.35028392,0.0029842312480278035,-0.0029842312480278035,1
2016-12-19,0,0.41106743,-0.004233759574618508,0.004233759574618508,1
2016-12-20,0,0.15836765,-0.001476509481291881,0.001476509481291881,1
2016-12-21,1,0.85550743,0.0036641609249652264,0.0036641609249652264,1
2016-12-22,1,0.47228873,0.0008659788395229713,-0.0008659788395229713,1
2016-12-23,1,0.48707938,0.0016400925651978298,-0.0016400925651978298,1
2016-12-26,1,0.3166447,0.00020909756917603204,-0.00020909756917603204,1
2016-12-27,1,0.3678318,0.0005125259245785663,-0.0005125259245785663,1
2016-12-28,0,0.27379814,-0.004342951339742504,0.004342951339742504,1
2016-12-29,1,0.9338236,0.01508250693397183,0.01508250693397183,1
2016-12-30,0,0.4451528,-0.004579297436805474,0.004579297436805474,1
2017-01-02,0,0.6283464,-0.006379961365256615,-0.006379961365256615,1
2017-01-03,0,0.3870839,-0.0038418862814960275,0.0038418862814960275,1
2017-01-04,1,0.8199418,0.007740590997296724,0.007740590997296724,1
2017-01-05,1,0.9272921,0.009951694252328959,0.009951694252328959,1
2017-01-06,0,0.62871003,-0.007007159987028705,-0.007007159987028705,1
2017-01-09,1,0.36937514,0.0053751462447140155,-0.0053751462447140155,1
2017-01-10,0,0.2404565,-0.003424761684181173,0.003424761684181173,1
2017-01-11,1,0.18719164,0.004282834624410967,-0.004282834624410967,1
2017-01-12,1,0.19612432,0.001803209323731725,-0.001803209323731725,1
2017-01-13,1,0.5702643,0.0011154729925587558,0.0011154729925587558,1
2017-01-16,0,0.7297198,-0.002420493946028179,-0.002420493946028179,1
2017-01-17,1,0.7781223,0.008807419508532732,0.008807419508532732,1
2017-01-18,0,0.7994674,-0.006471944983548921,-0.006471944983548921,1
2017-01-19,1,0.67763686,0.0030014703955947883,0.0030014703955947883,1
2017-01-20,1,0.76888543,0.005054843962894572,0.005054843962894572,1
2017-01-23,1,0.09461941,0.004380785936046075,-0.004380785936046075,1
2017-01-24,0,0.24716896,-0.0029870187452542053,0.0029870187452542053,1
2017-01-25,1,0.6219787,0.002169451772020358,0.002169451772020358,1
2017-01-26,0,0.7328989,-0.0064410634062073814,-0.0064410634062073814,1
2017-01-27,1,0.5840211,0.002899318852993123,0.002899318852993123,1
2017-01-30,0,0.516718,-0.0005034903875596175,-0.0005034903875596175,1
2017-01-31,1,0.46557978,0.008852261972059784,-0.008852261972059784,1
2017-02-01,0,0.47775802,-0.0033759205059840968,0.0033759205059840968,1
2017-02-02,0,0.6575571,-0.0005274662699758506,-0.0005274662699758506,1
2017-02-03,1,0.49780253,0.0019713419350956586,-0.0019713419350956586,1
2017-02-06,0,0.7010374,-0.0036916646517806554,-0.0036916646517806554,1
2017-02-07,0,0.8676879,-0.006083672000636754,-0.006083672000636754,1
2017-02-08,1,0.70117176,0.001324952574866799,0.001324952574866799,1
2017-02-09,0,0.16561693,-0.0031492420707108556,0.0031492420707108556,1
2017-02-10,0,0.62867206,-0.003670492466827683,-0.003670492466827683,1
2017-02-13,0,0.6336268,-0.001983821861077884,-0.001983821861077884,1
2017-02-14,0,0.8716574,-0.0019059474091679728,-0.0019059474091679728,1
2017-02-15,1,0.5980272,0.0027435541785106898,0.0027435541785106898,1
2017-02-16,1,0.832776,0.006096606333929302,0.006096606333929302,1
2017-02-17,0,0.8273604,-0.004281128670700643,-0.004281128670700643,1
2017-02-20,0,0.36053887,-0.0016245565514428882,0.0016245565514428882,1
2017-02-21,0,0.36645615,-0.006366536572582725,0.006366536572582725,1
2017-02-22,1,0.13932598,0.001139192733998484,-0.001139192733998484,1
2017-02-23,1,0.749386,0.0028748666409450312,0.0028748666409450312,1
2017-02-24,0,0.30306336,-0.0030014925084968615,0.0030014925084968615,1
2017-02-27,1,0.1488938,0.0029803184926625644,-0.0029803184926625644,1
2017-02-28,0,0.22374572,-0.001427914978222764,0.001427914978222764,1
2017-03-01,0,0.07906035,-0.003155193618451753,0.003155193618451753,1
2017-03-02,0,0.52786434,-0.002483361285800688,-0.002483361285800688,1
2017-03-03,1,0.43792903,0.010480388215962188,-0.010480388215962188,1
2017-03-06,0,0.55215836,-0.003890114210058578,-0.003890114210058578,1
2017-03-07,0,0.7937646,-0.000856528977351755,-0.000856528977351755,1
2017-03-08,0,0.96796674,-0.002153918443973989,-0.002153918443973989,1
2017-03-09,1,0.46568835,0.0029364122241478294,-0.0029364122241478294,1
2017-03-10,1,0.47767204,0.010495752325234368,-0.010495752325234368,1
2017-03-13,0,0.25532123,-0.0036172570315181995,0.0036172570315181995,1
2017-03-14,0,0.5316323,-0.0036681311722004924,-0.0036681311722004924,1
2017-03-15,1,0.68910015,0.01175313951260352,0.01175313951260352,1
2017-03-16,1,0.77804893,0.0034204682168346265,0.0034204682168346265,1
2017-03-17,0,0.21305063,-0.0029478685547739913,0.0029478685547739913,1
2017-03-20,0,0.111503,-0.000494026216523266,0.000494026216523266,1
2017-03-21,1,0.16795018,0.0069390189319521985,-0.0069390189319521985,1
2017-03-22,0,0.71287847,-0.002062955051731874,-0.002062955051731874,1
2017-03-23,0,0.29355672,-0.0005825075184240264,0.0005825075184240264,1
2017-03-24,1,0.12575741,0.006068102164538236,-0.006068102164538236,1
2017-03-27,1,0.5169793,0.0010529288766618662,0.0010529288766618662,1
2017-03-28,0,0.78173506,-0.003988814539129683,-0.003988814539129683,1
2017-03-29,0,0.59188694,-0.005383655395307185,-0.005383655395307185,1
2017-03-30,0,0.27222574,-0.006766263018980494,0.006766263018980494,1
2017-03-31,0,0.8772896,-0.001708436576849294,-0.001708436576849294,1
2017-04-03,1,0.5267147,0.00011731597159801833,0.00011731597159801833,1
2017-04-04,1,0.15764466,0.0009608024846293539,-0.0009608024846293539,1
2017-04-05,0,0.20798007,-0.0007367113708814336,0.0007367113708814336,1
2017-04-06,0,0.93305266,-0.002611329354407584,-0.002611329354407584,1
2017-04-07,0,0.9514688,-0.005900993777431867,-0.005900993777431867,1
2017-04-10,1,0.26388025,0.0014719638399648264,-0.0014719638399648264,1
2017-04-11,1,0.10401223,0.001293776491387639,-0.001293776491387639,1
2017-04-12,1,0.27175513,0.0055757821106804445,-0.0055757821106804445,1
2017-04-13,0,0.37270245,-0.005098219512770225,0.005098219512770225,1
2017-04-14,0,0.25325432,-0.0005518231785464774,0.0005518231785464774,1
2017-04-17,1,0.097897634,0.003198762931699693,-0.003198762931699693,1
2017-04-18,1,0.35473317,0.00787603933151079,-0.00787603933151079,1
2017-04-19,0,0.7222988,-0.0012759417804318331,-0.0012759417804318331,1
2017-04-20,0,0.19578944,-1.068048484067434e-05,1.068048484067434e-05,1
2017-04-21,1,0.50020206,0.01473387077510292,0.01473387077510292,1
2017-04-24,0,0.3971063,-0.0008370344334140607,0.0008370344334140607,1
2017-04-25,1,0.454095,0.005818837615714092,-0.005818837615714092,1
2017-04-26,0,0.40377444,-0.0017688276041054596,0.0017688276041054596,1
2017-04-27,0,0.35724664,-0.004104213277379672,0.004104213277379672,1
2017-04-28,1,0.66880876,0.003973291140565258,0.003973291140565258,1
2017-05-01,1,0.48818058,0.00013092213681450298,-0.00013092213681450298,1
2017-05-02,1,0.46264076,0.0024465527570567713,-0.0024465527570567713,1
2017-05-03,0,0.12873901,-0.004277630513799503,0.004277630513799503,1
2017-05-04,1,0.09547384,0.008463877857979456,-0.008463877857979456,1
2017-05-05,0,0.25981396,-0.0014924328465038186,0.0014924328465038186,1
2017-05-08,0,0.89036864,-0.0034152831494478875,-0.0034152831494478875,1
2017-05-09,0,0.716387,-0.003752144975261105,-0.003752144975261105,1
2017-05-10,0,0.15228201,-0.0014795427623111868,0.0014795427623111868,1
2017-05-11,0,0.18258628,-0.0005325441349082685,0.0005325441349082685,1
2017-05-12,1,0.8834559,0.0057204864600827665,0.0057204864600827665,1
2017-05-15,1,0.5282878,0.0049733891475483355,0.0049733891475483355,1
2017-05-16,1,0.5365334,0.010165609234827322,0.010165609234827322,1
2017-05-17,1,0.7994784,0.005607107178077628,0.005607107178077628,1
2017-05-18,0,0.725639,-0.003841584496626299,-0.003841584496626299,1
2017-05-19,1,0.19745675,0.008179592912204795,-0.008179592912204795,1
2017-05-22,1,0.6694625,0.0030299874646010755,0.0030299874646010755,1
2017-05-23,0,0.9656822,-0.005313076821422747,-0.005313076821422747,1
2017-05-24,1,0.65369153,0.004605241095272315,0.004605241095272315,1
2017-05-25,0,0.24055429,-0.0017953372916787,0.0017953372916787,1
2017-05-26,0,0.1690935,-0.0031006300645787972,0.0031006300645787972,1
2017-05-29,0,0.54937077,-0.0042155232961007755,-0.0042155232961007755,1
2017-05-30,1,0.09227704,0.0038245199942626854,-0.0038245199942626854,1
2017-05-31,1,0.9412657,0.0064107218921609175,0.0064107218921609175,1
2017-06-01,0,0.12430782,-0.0024705630841269518,0.0024705630841269518,1
2017-06-02,1,0.83256996,0.005781635295709812,0.005781635295709812,1
2017-06-05,0,0.8852143,-0.002129806388517568,-0.002129806388517568,1
2017-06-06,1,0.9046274,0.001295371377476745,0.001295371377476745,1
2017-06-07,0,0.15759455,-0.0014417352935042875,0.0014417352935042875,1
2017-06-08,0,0.073391356,-0.006272006430605266,0.006272006430605266,1
2017-06-09,1,0.770757,0.001533596439746188,0.001533596439746188,1
2017-06-12,0,0.5864632,-0.0005151964433409355,-0.0005151964433409355,1
2017-06-13,1,0.42120028,0.0011314867284345825,-0.0011314867284345825,1
2017-06-14,1,0.24507461,0.0006166547146009237,-0.0006166547146009237,1
2017-06-15,0,0.6842205,-0.006160839863208682,-0.006160839863208682,1
2017-06-16,1,0.4007595,0.005488135775370295,-0.005488135775370295,1
2017-06-19,0,0.16788317,-0.005699907005050658,0.005699907005050658,1
2017-06-20,0,0.8502534,-0.0006795750515412816,-0.0006795750515412816,1
2017-06-21,1,0.8818199,0.0027099826986903166,0.0027099826986903166,1
2017-06-22,0,0.78413045,-0.001573337331533338,-0.001573337331533338,1
2017-06-23,1,0.4586124,0.004402570472360325,-0.004402570472360325,1
2017-06-26,0,0.423412,-0.0013652747414871296,0.0013652747414871296,1
2017-06-27,1,0.06547173,0.013817200221092344,-0.013817200221092344,1
2017-06-28,1,0.40776616,0.003828564481944142,-0.003828564481944142,1
2017-06-29,1,0.6052539,0.005169753787889567,0.005169753787889567,1
2017-06-30,0,0.5823312,-0.001623434279564029,-0.001623434279564029,1
2017-07-03,0,0.13965753,-0.00453607873585738,0.00453607873585738,1
2017-07-04,0,0.15570325,-0.0009888509651572001,0.0009888509651572001,1
2017-07-05,0,0.54508287,-0.0011693597201411616,-0.0011693597201411616,1
2017-07-06,1,0.34544152,0.0068427801095858175,-0.0068427801095858175,1
2017-07-07,0,0.21579681,-0.001837701715489709,0.001837701715489709,1
2017-07-10,1,0.25772944,0.006131251207802693,-0.006131251207802693,1
2017-07-12,0,0.19139974,-0.004807464986444529,0.004807464986444529,1
2017-07-13,0,0.08349365,-0.0013123920117594798,0.0013123920117594798,1
2017-07-14,1,0.51854,0.006246082259973272,0.006246082259973272,1
2017-07-17,0,0.038138833,-9.183638917386693e-05,9.183638917386693e-05,1
2017-07-18,1,0.1645635,0.00655029783305211,-0.00655029783305211,1
2017-07-19,0,0.058737148,-0.0018462368588922442,0.0018462368588922442,1
2017-07-20,1,0.16057332,0.008660672812457637,-0.008660672812457637,1
2017-07-21,1,0.67961216,0.0045455288539196816,0.0045455288539196816,1
2017-07-24,0,0.30881658,-0.0036730128113636957,0.0036730128113636957,1
2017-07-25,1,0.8791088,0.0004889523241933991,0.0004889523241933991,1
2017-07-26,1,0.08569482,0.007140275713109553,-0.007140275713109553,1
2017-07-27,0,0.3883789,-0.003360330911062203,0.003360330911062203,1
2017-07-28,1,0.7518591,0.005003595982651434,0.005003595982651434,1
2017-07-31,1,0.7119034,0.006517456509259816,0.006517456509259816,1
2017-08-01,0,0.6312901,-0.0010872165978424119,-0.0010872165978424119,1
2017-08-02,1,0.9390148,0.0033718824872047953,0.0033718824872047953,1
2017-08-03,1,0.76656115,0.0028482358366718977,0.0028482358366718977,1
2017-08-04,0,0.89866805,-0.009003661780450659,-0.009003661780450659,1
2017-08-07,1,0.5518275,0.001909827198615512,0.001909827198615512,1
2017-08-08,0,0.170522,-0.003933743568074327,0.003933743568074327,1
2017-08-09,1,0.5826102,0.0005879322590374358,0.0005879322590374358,1
2017-08-10,1,0.1464614,0.0007412406839569163,-0.0007412406839569163,1
2017-08-11,1,0.6311152,0.004683757024378315,0.004683757024378315,1
2017-08-14,0,0.42706364,-0.004212813668356419,0.004212813668356419,1
2017-08-15,0,0.088576026,-0.002939654885911989,0.002939654885911989,1
2017-08-16,1,0.18783242,0.002810170102040692,-0.002810170102040692,1
2017-08-17,0,0.7978593,-0.005003297987145882,-0.005003297987145882,1
2017-08-18,1,0.04830424,0.003473724677504832,-0.003473724677504832,1
2017-08-21,1,0.7241817,0.004725443074964282,0.004725443074964282,1
2017-08-22,0,0.65456533,-0.0042197846676600495,-0.0042197846676600495,1
2017-08-23,1,0.31726873,0.0046095726316787945,-0.0046095726316787945,1
2017-08-24,0,0.089588806,-0.0012162816868652579,0.0012162816868652579,1
2017-08-25,1,0.23051159,0.012601173730479498,-0.012601173730479498,1
2017-08-28,1,0.2525609,0.0010044878799235918,-0.0010044878799235918,1
2017-08-29,1,0.43796775,0.0005504650901480018,-0.0005504650901480018,1
2017-08-30,0,0.37439308,-0.006455156902391667,0.006455156902391667,1
2017-08-31,1,0.1350282,0.0014281759693642322,-0.0014281759693642322,1
2017-09-01,0,0.6351554,-0.0023197286450906125,-0.0023197286450906125,1
2017-09-04,1,0.79826975,0.0008915526757262396,0.0008915526757262396,1
2017-09-05,1,0.5968451,0.0025723291798226953,0.0025723291798226953,1
2017-09-06,1,0.78437364,0.00031007026908479087,0.00031007026908479087,1
2017-09-07,1,0.82141566,0.008456670882772186,0.008456670882772186,1
2017-09-08,0,0.77933466,-0.0009498391490405942,-0.0009498391490405942,1
2017-09-11,0,0.13987571,-0.0048553725898403035,0.0048553725898403035,1
2017-09-12,1,0.64030313,0.0012684952800507596,0.0012684952800507596,1
2017-09-13,0,0.42204693,-0.007040230737258596,0.007040230737258596,1
2017-09-14,1,0.3916712,0.0026074388715421597,-0.0026074388715421597,1
2017-09-15,1,0.1440421,0.0013003754213913215,-0.0013003754213913215,1
2017-09-18,1,0.5103131,0.0018519597279447737,0.0018519597279447737,1
2017-09-19,1,0.36421984,0.0027783834456705627,-0.0027783834456705627,1
2017-09-20,0,0.35426673,-0.010094523826527133,0.010094523826527133,1
2017-09-21,1,0.087172404,0.006168672724767713,-0.006168672724767713,1
2017-09-22,0,0.10722453,-0.0015397038475801963,0.0015397038475801963,1
2017-09-25,0,0.214667,-0.00601701171679182,0.00601701171679182,1
2017-09-26,0,0.021303182,-0.005886836853223914,0.005886836853223914,1
2017-09-27,0,0.33729455,-0.0030949455631941935,0.0030949455631941935,1
2017-09-28,1,0.1477771,0.0027296467229846197,-0.0027296467229846197,1
2017-09-29,1,0.48344958,0.0021702076480590985,-0.0021702076480590985,1
2017-10-02,0,0.023187581,-0.006250154855581916,0.006250154855581916,1
2017-10-03,1,0.44020075,0.0011741541657486819,-0.0011741541657486819,1
2017-10-04,1,0.5009559,0.000822629559822298,0.000822629559822298,1
2017-10-05,0,0.5446244,-0.0038255380743325205,-0.0038255380743325205,1
2017-10-06,1,0.38860372,0.0025682950913297697,-0.0025682950913297697,1
2017-10-09,0,0.11398333,-7.0457239084023e-05,7.0457239084023e-05,1
2017-10-10,1,0.55179954,0.006218846333423547,0.006218846333423547,1
2017-10-11,1,0.21055494,0.0042743566814671605,-0.0042743566814671605,1
2017-10-12,0,0.30490407,-0.0028436443420639165,0.0028436443420639165,1
2017-10-13,0,0.22656825,-0.001501544931142891,0.001501544931142891,1
2017-10-16,0,0.2602639,-0.0016526703470598411,0.0016526703470598411,1
2017-10-17,0,0.8793523,-0.0019205864297465773,-0.0019205864297465773,1
2017-10-18,1,0.4170643,0.0019796105030956174,-0.0019796105030956174,1
2017-10-19,1,0.5067039,0.004468522795391605,0.004468522795391605,1
2017-10-20,0,0.43308768,-0.008000833040873344,0.008000833040873344,1
2017-10-23,1,0.27116954,0.0004702904875673446,-0.0004702904875673446,1
2017-10-24,0,0.078508355,-1.1759635881293249e-05,1.1759635881293249e-05,1
2017-10-25,1,0.41860718,0.005234651900610724,-0.005234651900610724,1
2017-10-26,0,0.7695002,-0.01564581794464382,-0.01564581794464382,1
2017-10-27,0,0.814537,-0.0028122811584414065,-0.0028122811584414065,1
2017-10-30,1,0.6251326,0.004139812097083693,0.004139812097083693,1
2017-10-31,0,0.47592708,-8.164019452064136e-05,8.164019452064136e-05,1
2017-11-01,0,0.7534714,-0.0019787939054160286,-0.0019787939054160286,1
2017-11-02,1,0.74012166,0.00284140815238091,0.00284140815238091,1
2017-11-03,0,0.7378404,-0.004026851354010363,-0.004026851354010363,1
2017-11-06,0,0.7432671,-0.00019738548972792174,-0.00019738548972792174,1
2017-11-07,0,0.4866265,-0.0009981989804078012,0.0009981989804078012,1
2017-11-08,0,0.51952976,-0.0003596121387038146,-0.0003596121387038146,1
2017-11-09,1,0.4985599,0.0043000786630653445,-0.0043000786630653445,1
2017-11-10,1,0.75138354,0.001223701080318296,0.001223701080318296,1
2017-11-13,1,0.665964,0.00032656489137086097,0.00032656489137086097,1
2017-11-14,1,0.93806374,0.010907609447217186,0.010907609447217186,1
2017-11-15,0,0.5525933,-0.0013080981138198554,-0.0013080981138198554,1
2017-11-17,0,0.48155305,-0.00387900941326029,0.00387900941326029,1
2017-11-20,1,0.60088116,0.0007980439055142195,0.0007980439055142195,1
2017-11-21,0,0.63676584,-0.0003403883384462701,-0.0003403883384462701,1
2017-11-22,1,0.9554693,0.006582660069541397,0.006582660069541397,1
2017-11-23,1,0.93779224,0.003313668861567561,0.003313668861567561,1
2017-11-24,1,0.49589247,0.00609963059633493,-0.00609963059633493,1
2017-11-27,0,0.018269243,-0.0018111957909795597,0.0018111957909795597,1
2017-11-28,0,0.07918425,-0.004786254653440127,0.004786254653440127,1
2017-11-29,1,0.44637242,0.00033187390605268443,-0.00033187390605268443,1
2017-11-30,1,0.7506231,0.0038949725055720153,0.0038949725055720153,1
2017-12-01,0,0.8500942,-0.003231052357120294,-0.003231052357120294,1
2017-12-04,1,0.83194333,0.0006643836844994911,0.0006643836844994911,1
2017-12-05,0,0.6124058,-0.0029389064537555013,-0.0029389064537555013,1
2017-12-06,0,0.19368544,-0.002422797988340597,0.002422797988340597,1
2017-12-07,0,0.40137756,-0.0027231131814485885,0.0027231131814485885,1
2017-12-08,0,0.4560181,-0.0001882666154521876,0.0001882666154521876,1
2017-12-11,1,0.15902182,0.0006474925079881131,-0.0006474925079881131,1
2017-12-12,0,0.063105136,-0.002975242802169791,0.002975242802169791,1
2017-12-13,1,0.25788528,0.007910432083082026,-0.007910432083082026,1
2017-12-14,0,0.38443708,-0.005158903947455346,0.005158903947455346,1
2017-12-15,0,0.90527385,-0.002669402938509293,-0.002669402938509293,1
2017-12-18,1,0.5270739,0.0034585584970408443,0.0034585584970408443,1
2017-12-19,1,0.38028115,0.00483143721251939,-0.00483143721251939,1
2017-12-20,1,0.046205625,0.0031072487323386346,-0.0031072487323386346,1
2017-12-21,0,0.026132466,-0.0017564352044179,0.0017564352044179,1
2017-12-22,0,0.23075609,-0.00010667475836512538,0.00010667475836512538,1
2017-12-25,1,0.17521217,0.0013881944230198205,-0.0013881944230198205,1
2017-12-26,0,0.24701774,-0.001234067632668466,0.001234067632668466,1
2017-12-27,1,0.23049021,0.003611301394254342,-0.003611301394254342,1
2017-12-28,1,0.08906942,0.0034333082699906565,-0.0034333082699906565,1
2017-12-29,1,0.75031966,0.005280299334562936,0.005280299334562936,1
2018-01-01,1,0.6731674,0.0005523534177722327,0.0005523534177722327,1
2018-01-02,1,0.27823105,0.004309459786959923,-0.004309459786959923,1
2018-01-03,0,0.24348094,-0.0044055338609388685,0.0044055338609388685,1
2018-01-04,1,0.7070235,0.004851896369631849,0.004851896369631849,1
2018-01-05,0,0.4256659,-0.0026034254630769985,0.0026034254630769985,1
2018-01-08,0,0.6464011,-0.005581836821075154,-0.005581836821075154,1
2018-01-09,0,0.72249585,-0.003441541320087566,-0.003441541320087566,1
2018-01-10,1,0.9088751,0.0022451934756692197,0.0022451934756692197,1
2018-01-11,1,0.91702867,0.007163443657419676,0.007163443657419676,1
2018-01-12,1,0.7282681,0.012395577440172478,0.012395577440172478,1
2018-01-15,1,0.75474256,0.0062252298447128904,0.0062252298447128904,1
2018-01-16,1,0.62875736,0.00023307764364815267,0.00023307764364815267,1
2018-01-17,0,0.6415363,-0.007140809171959861,-0.007140809171959861,1
2018-01-18,1,0.7746843,0.004310183172470693,0.004310183172470693,1
2018-01-19,1,0.8835447,0.0015430167694837121,0.0015430167694837121,1
2018-01-22,1,0.75390995,6.12782288566978e-05,6.12782288566978e-05,1
2018-01-23,1,0.56130975,0.00439735155950313,0.00439735155950313,1
2018-01-24,1,0.22903034,0.006545840132911253,-0.006545840132911253,1
2018-01-25,1,0.316057,9.918292422570005e-05,-9.918292422570005e-05,1
2018-01-26,1,0.08464641,0.0028791319849888757,-0.0028791319849888757,1
2018-01-29,0,0.21341701,-0.00378339768589846,0.00378339768589846,1
2018-01-30,1,0.4828199,0.002293139592610932,-0.002293139592610932,1
2018-01-31,1,0.25579426,0.0007324958037122442,-0.0007324958037122442,1
2018-02-01,1,0.50221074,0.007328950679841816,0.007328950679841816,1
2018-02-02,0,0.34984127,-0.005053840607735393,0.005053840607735393,1
2018-02-05,0,0.17371304,-0.006377383172319716,0.006377383172319716,1
2018-02-06,1,0.35902134,0.0010890581283255556,-0.0010890581283255556,1
2018-02-07,0,0.058402024,-0.009181762489920852,0.009181762489920852,1
2018-02-08,0,0.1269271,-0.000600981855033339,0.000600981855033339,1
2018-02-09,0,0.11974244,-0.0006496959447372854,0.0006496959447372854,1
2018-02-12,1,0.62214696,0.004150100441697588,0.004150100441697588,1
2018-02-13,1,0.30582368,0.004056140127369198,-0.004056140127369198,1
2018-02-14,1,0.64124364,0.009146425433200864,0.009146425433200864,1
2018-02-15,1,0.07702885,0.0029091421930713865,-0.0029091421930713865,1
2018-02-16,0,0.020990152,-0.007362497093656409,0.007362497093656409,1
2018-02-19,0,0.54461235,-0.0010668553718264204,-0.0010668553718264204,1
2018-02-20,0,0.49931228,-0.0051198390023570895,0.0051198390023570895,1
2018-02-21,0,0.43549892,-0.004345012256307387,0.004345012256307387,1
2018-02-22,1,0.27679524,0.0036420916071722422,-0.0036420916071722422,1
2018-02-23,0,0.7901876,-0.003212105009122603,-0.003212105009122603,1
2018-02-26,1,0.9136792,0.0023126013299230768,0.0023126013299230768,1
2018-02-27,0,0.066827685,-0.006946405230548163,0.006946405230548163,1
2018-02-28,0,0.815091,-0.003199213284151492,-0.003199213284151492,1
2018-03-01,1,0.7661469,0.00650694664057467,0.00650694664057467,1
2018-03-02,1,0.9704159,0.0036263787619993924,0.0036263787619993924,1
2018-03-05,1,0.37488258,0.001713382605229048,-0.001713382605229048,1
2018-03-06,1,0.17191021,0.006472901653150981,-0.006472901653150981,1
2018-03-07,0,0.16626331,-0.00016140177040260427,0.00016140177040260427,1
2018-03-08,0,0.7513142,-0.008738819743630995,-0.008738819743630995,1
2018-03-09,1,0.82307607,0.00017221271392751176,0.00017221271392751176,1
2018-03-12,1,0.27935538,0.002501775781071896,-0.002501775781071896,1
2018-03-13,1,0.048577115,0.004266335039781299,-0.004266335039781299,1
2018-03-14,0,0.08140173,-0.0013499625381387281,0.0013499625381387281,1
2018-03-15,0,0.8351147,-0.005381152570823163,-0.005381152570823163,1
2018-03-16,0,0.32847238,-0.0023114690130010985,0.0023114690130010985,1
2018-03-19,1,0.11833487,0.004554221061101681,-0.004554221061101681,1
2018-03-20,0,0.17944251,-0.006909380265738895,0.006909380265738895,1
2018-03-21,1,0.11763649,0.007785708051778046,-0.007785708051778046,1
2018-03-22,0,0.32243043,-0.0018381487711449,0.0018381487711449,1
2018-03-23,1,0.06639521,0.002381543956155749,-0.002381543956155749,1
2018-03-26,1,0.25252426,0.00831188172368744,-0.00831188172368744,1
2018-03-27,0,0.69300514,-0.003990881759450981,-0.003990881759450981,1
2018-03-28,0,0.081548676,-0.007897382931562176,0.007897382931562176,1
2018-03-29,0,0.89192045,-0.0006029938609045437,-0.0006029938609045437,1
2018-03-30,1,0.63442403,0.0009230866886203371,0.0009230866886203371,1
2018-04-02,0,0.85182834,-0.0017470394477167334,-0.0017470394477167334,1
2018-04-03,0,0.65971094,-0.001154869778581974,-0.001154869778581974,1
2018-04-04,1,0.21514922,0.0006755016584394306,-0.0006755016584394306,1
2018-04-05,0,0.2826345,-0.002870925082302187,0.002870925082302187,1
2018-04-06,1,0.5314501,0.001618556583301758,0.001618556583301758,1
2018-04-09,1,0.49679065,0.004144001211158943,-0.004144001211158943,1
2018-04-10,1,0.026512489,0.0032954948055088436,-0.0032954948055088436,1
2018-04-11,1,0.2657552,0.0006925638918780253,-0.0006925638918780253,1
2018-04-12,0,0.35297775,-0.0033963667390498223,0.0033963667390498223,1
2018-04-13,1,0.24910551,0.00023433623354313018,-0.00023433623354313018,1
2018-04-16,1,0.30349037,0.0042513295822551745,-0.0042513295822551745,1
2018-04-17,0,0.17875345,-0.0009655845061456074,0.0009655845061456074,1
2018-04-18,1,0.28867236,0.00048266805112577506,-0.00048266805112577506,1
2018-04-19,0,0.52608997,-0.0027196968051803935,-0.0027196968051803935,1
2018-04-20,0,0.28973916,-0.005859248577880163,0.005859248577880163,1
2018-04-23,0,0.6423277,-0.0052637028397498915,-0.0052637028397498915,1
2018-04-24,1,0.32587704,0.0026528923546068075,-0.0026528923546068075,1
2018-04-25,0,0.66925913,-0.005712650234150854,-0.005712650234150854,1
2018-04-26,0,0.74934375,-0.00511110874201837,-0.00511110874201837,1
2018-04-27,1,0.1240923,0.0010903377604621455,-0.0010903377604621455,1
2018-04-30,0,0.22932541,-0.003436890367874952,0.003436890367874952,1
2018-05-01,0,0.20687096,-0.007450468811979633,0.007450468811979633,1
2018-05-02,0,0.75906706,-0.0033877940587112173,-0.0033877940587112173,1
2018-05-03,1,0.4729375,0.003195912401978984,-0.003195912401978984,1
2018-05-04,0,0.26690927,-0.0028613126228246057,0.0028613126228246057,1
2018-05-07,0,0.035982724,-0.0017797005116395965,0.0017797005116395965,1
2018-05-08,0,0.033898767,-0.005533851088539423,0.005533851088539423,1
2018-05-09,0,0.63711923,-0.0017430672818787454,-0.0017430672818787454,1
2018-05-10,1,0.87494326,0.00591735512042152,0.00591735512042152,1
2018-05-11,1,0.7465163,0.0029002183504962887,0.0029002183504962887,1
2018-05-14,0,0.16211808,-0.0017554472898831247,0.0017554472898831247,1
2018-05-15,0,0.15216145,-0.00928694064996898,0.00928694064996898,1
2018-05-16,0,0.1700964,-0.0003309314358126005,0.0003309314358126005,1
2018-05-17,0,0.6045301,-0.0018417401567752197,-0.0018417401567752197,1
2018-05-18,0,0.11834653,-0.002426900758167098,0.002426900758167098,1
2018-05-21,1,0.63044536,0.002191086827304078,0.002191086827304078,1
2018-05-22,0,0.6275613,-0.0003302127283434639,-0.0003302127283434639,1
2018-05-23,0,0.12164037,-0.006673574838505587,0.006673574838505587,1
2018-05-24,1,0.502357,0.0010661932567612865,0.0010661932567612865,1
2018-05-25,0,0.6627671,-0.0028795704251883274,-0.0028795704251883274,1
2018-05-28,0,0.4793626,-0.005315985270053203,0.005315985270053203,1
2018-05-29,0,0.21302655,-0.007563750116088786,0.007563750116088786,1
2018-05-30,1,0.34410647,0.011022910220800021,-0.011022910220800021,1
2018-05-31,1,0.028673029,0.0022192132434978853,-0.0022192132434978853,1
2018-06-01,0,0.1803005,-0.002102537023960953,0.002102537023960953,1
2018-06-04,1,0.67123365,0.002734209840494974,0.002734209840494974,1
2018-06-05,1,0.36663875,0.0021903341397488986,-0.0021903341397488986,1
2018-06-06,1,0.36624888,0.0050432443457019025,-0.0050432443457019025,1
2018-06-07,1,0.5166453,0.0008253392859986731,0.0008253392859986731,1
2018-06-08,0,0.38283396,-0.0009549196576974336,0.0009549196576974336,1
2018-06-11,0,0.122909024,-0.0008363539989248185,0.0008363539989248185,1
2018-06-12,0,0.8139482,-0.002199270438669329,-0.002199270438669329,1
2018-06-13,1,0.61013347,0.005052684987134998,0.005052684987134998,2
2018-06-14,0,0.7799077,-0.020638107698380467,-0.020638107698380467,2
2018-06-15,1,0.60138613,0.002536267703775233,0.002536267703775233,2
2018-06-18,1,0.100903235,0.0029962096356120605,-0.0029962096356120605,2
2018-06-19,0,0.39190963,-0.0036336856020982174,0.0036336856020982174,2
2018-06-20,0,0.8422013,-0.0008224597834486959,-0.0008224597834486959,2
2018-06-21,1,0.9503701,0.0023068753656377444,0.0023068753656377444,2
2018-06-22,1,0.8876953,0.004781358516060751,0.004781358516060751,2
2018-06-25,1,0.68278503,0.003539625505008509,0.003539625505008509,2
2018-06-26,0,0.18459718,-0.0044953797831452195,0.0044953797831452195,2
2018-06-27,0,0.18062301,-0.007463204842131897,0.007463204842131897,2
2018-06-28,0,0.6958481,-5.783505454369426e-05,-5.783505454369426e-05,2
2018-06-29,1,0.47782382,0.00994714712822947,-0.00994714712822947,2
2018-07-02,0,0.48760363,-0.003124912448468689,0.003124912448468689,2
2018-07-03,1,0.13900389,0.0014679804760208625,-0.0014679804760208625,2
2018-07-04,1,0.36900148,0.0002681516744493763,-0.0002681516744493763,2
2018-07-05,1,0.53936166,0.002873078600661516,0.002873078600661516,2
2018-07-06,1,0.16694911,0.004806882998706923,-0.004806882998706923,2
2018-07-09,1,0.5881195,0.0003996761874951096,0.0003996761874951096,2
2018-07-10,0,0.34178972,-0.0025479448635795567,0.0025479448635795567,2
2018-07-11,0,0.25057158,-0.004294710183780235,0.004294710183780235,2
2018-07-12,0,0.4219744,-0.0009336480898713101,0.0009336480898713101,2
2018-07-13,1,0.4111475,0.0011321950635473854,-0.0011321950635473854,2
2018-07-16,1,0.32194328,0.002596160411045844,-0.002596160411045844,2
2018-07-17,0,0.14950177,-0.004812627760435433,0.004812627760435433,2
2018-07-18,0,0.6094373,-0.0006524588597063798,-0.0006524588597063798,2
2018-07-19,1,0.49699286,0.0008155070803001822,-0.0008155070803001822,2
2018-07-20,1,0.8158865,0.007416802719637017,0.007416802719637017,2
2018-07-23,0,0.20971136,-0.004077814856735979,0.004077814856735979,2
2018-07-24,0,0.7084801,-0.0007364777587126888,-0.0007364777587126888,2
2018-07-25,1,0.5027757,0.004438682606524418,0.004438682606524418,2
2018-07-26,0,0.4780962,-0.008089604616353593,0.008089604616353593,2
2018-07-27,1,0.23962478,0.0015031493557779215,-0.0015031493557779215,2
2018-07-30,1,0.691875,0.004019211446705516,0.004019211446705516,2
2018-07-31,0,0.28529206,-0.0015207742859472315,0.0015207742859472315,2
2018-08-01,0,0.40652472,-0.002031950545646603,0.002031950545646603,2
2018-08-02,0,0.47727525,-0.00687094620857647,0.00687094620857647,2
2018-08-03,0,0.4979924,-0.0020485936709178547,0.0020485936709178547,2
2018-08-06,0,0.7785339,-0.0003698943193174424,-0.0003698943193174424,2
2018-08-07,1,0.9211649,0.00387939481100834,0.00387939481100834,2
2018-08-08,1,0.8258812,0.0006732375104906637,0.0006732375104906637,2
2018-08-09,0,0.20826922,-0.007507102373803506,0.007507102373803506,2
2018-08-10,0,0.6310461,-0.011275742016472816,-0.011275742016472816,2
2018-08-13,1,0.8363035,0.0006839682303000879,0.0006839682303000879,2
2018-08-14,0,0.73744303,-0.004993251859406075,-0.004993251859406075,2
2018-08-15,0,0.22640108,-0.00012483080083799814,0.00012483080083799814,2
2018-08-16,1,0.3772518,0.0023851641885435427,-0.0023851641885435427,2
2018-08-17,1,0.4516468,0.0058162558222769525,-0.0058162558222769525,2
2018-08-20,1,0.5076996,0.004677486716083236,0.004677486716083236,2
2018-08-21,1,0.5016514,0.007404847816651862,0.007404847816651862,2
2018-08-22,1,0.50580317,0.0006948261978871789,0.0006948261978871789,2
2018-08-23,0,0.1589506,-0.0035848160899412435,0.0035848160899412435,2
2018-08-24,1,0.055114917,0.009102781442062224,-0.009102781442062224,2
2018-08-27,1,0.8526658,0.002974957959103103,0.002974957959103103,2
2018-08-28,1,0.80758333,0.0006544181771762134,0.0006544181771762134,2
2018-08-29,1,0.8524064,0.0015796090309269939,0.0015796090309269939,2
2018-08-30,0,0.1855122,-0.0038568234970335043,0.0038568234970335043,2
2018-08-31,0,0.49480188,-0.005467329671144762,0.005467329671144762,2
2018-09-03,1,0.23579858,0.0012420767865190061,-0.0012420767865190061,2
2018-09-04,0,0.30108342,-0.00249423774492734,0.00249423774492734,2
2018-09-05,1,0.16764878,0.004191522661239633,-0.004191522661239633,2
2018-09-06,0,0.59078115,-0.0013023413584009917,-0.0013023413584009917,2
2018-09-07,0,0.7295365,-0.005088212679201461,-0.005088212679201461,2
2018-09-10,1,0.29865408,0.0030103695028976135,-0.0030103695028976135,2
2018-09-11,1,0.554096,1.1616617293630954e-05,1.1616617293630954e-05,2
2018-09-12,1,0.25103554,0.0028567736307313144,-0.0028567736307313144,2
2018-09-13,1,0.5609831,0.005363777321440373,0.005363777321440373,2
2018-09-14,0,0.54243755,-0.005387046922890108,-0.005387046922890108,2
2018-09-17,1,0.40752226,0.0034481379521063144,-0.0034481379521063144,2
2018-09-18,1,0.688192,0.000922261926881197,0.000922261926881197,2
2018-09-19,0,0.13894787,-0.00045540858189432155,0.00045540858189432155,2
2018-09-20,1,0.11757413,0.008641386999915996,-0.008641386999915996,2
2018-09-21,0,0.47671917,-0.0021173676071735976,0.0021173676071735976,2
2018-09-24,1,0.402385,0.00016453172755568672,-0.00016453172755568672,2
2018-09-25,1,0.8812742,0.0008700869206251829,0.0008700869206251829,2
2018-09-26,0,0.7617756,-0.001246155739867916,-0.001246155739867916,2
2018-09-27,0,0.96246433,-0.009506265183163436,-0.009506265183163436,2
2018-09-28,0,0.8902884,-0.0027542106030115305,-0.0027542106030115305,2
2018-10-01,0,0.5467536,-0.0023995177924754293,-0.0023995177924754293,2
2018-10-02,0,0.6750218,-0.002231905179333874,-0.002231905179333874,2
2018-10-03,0,0.23924851,-0.0065514443949888455,0.0065514443949888455,2
2018-10-04,1,0.6117729,0.003633144332951674,0.003633144332951674,2
2018-10-05,1,0.6577271,0.0003916613335415117,0.0003916613335415117,2
2018-10-08,0,0.4246033,-0.0024743353677267104,0.0024743353677267104,2
2018-10-09,1,0.48667857,0.001115539847432275,-0.001115539847432275,2
2018-10-10,1,0.5837579,0.0022925758813270494,0.0022925758813270494,2
2018-10-11,1,0.14237565,0.004936896711930574,-0.004936896711930574,2
2018-10-12,0,0.25649342,-0.0033787127696782524,0.0033787127696782524,2
2018-10-15,1,0.42950767,0.002776130660952263,-0.002776130660952263,2
2018-10-16,0,0.5837275,-0.0007063381347120403,-0.0007063381347120403,2
2018-10-17,0,0.73641086,-0.006449661883067655,-0.006449661883067655,2
2018-10-18,0,0.59507245,-0.0035590143590289915,-0.0035590143590289915,2
2018-10-19,1,0.50078255,0.004306794612387999,0.004306794612387999,2
2018-10-22,0,0.111417554,-0.003618821551799291,0.003618821551799291,2
2018-10-23,1,0.14083445,0.00045873224217338594,-0.00045873224217338594,2
2018-10-24,0,0.50757706,-0.006461454314165764,-0.006461454314165764,2
2018-10-25,0,0.70295346,-0.0018790143987380253,-0.0018790143987380253,2
2018-10-26,1,0.46323562,0.0018334180682723267,-0.0018334180682723267,2
2018-10-29,0,0.5704464,-0.001981368545787147,-0.001981368545787147,2
2018-10-30,0,0.77391493,-0.002624516859612044,-0.002624516859612044,2
2018-10-31,0,0.65861785,-0.0026175181948033402,-0.0026175181948033402,2
2018-11-01,1,0.4973597,0.007622510096303147,-0.007622510096303147,2
2018-11-02,0,0.3463802,-0.0005016012498707026,0.0005016012498707026,2
2018-11-05,1,0.24167097,0.0013457141043092423,-0.0013457141043092423,2
2018-11-06,1,0.40963617,0.0022395351045813323,-0.0022395351045813323,2
2018-11-07,0,0.11528413,-0.0003889112093649832,0.0003889112093649832,2
2018-11-08,0,0.3025529,-0.005757617992678804,0.005757617992678804,2
2018-11-09,0,0.1285744,-0.0038237886881901163,0.0038237886881901163,2
2018-11-12,0,0.42631817,-0.008120992837308301,0.008120992837308301,2
2018-11-13,1,0.4668952,0.006898682860815559,-0.006898682860815559,2
2018-11-14,1,0.7310832,5.659312249609174e-05,5.659312249609174e-05,2
2018-11-15,1,0.1274679,0.0011543485143173634,-0.0011543485143173634,2
2018-11-16,1,0.47184545,0.007833541738013036,-0.007833541738013036,2
2018-11-19,1,0.3078593,0.0035904124545615974,-0.0035904124545615974,2
2018-11-20,0,0.3346514,-0.007236214894346958,0.007236214894346958,2
2018-11-21,1,0.5702511,0.001399771088484465,0.001399771088484465,2
2018-11-22,1,0.36071637,0.00129913302540532,-0.00129913302540532,2
2018-11-23,0,0.6281988,-0.005787459882789548,-0.005787459882789548,2
2018-11-26,0,0.6706263,-0.0003514642433933732,-0.0003514642433933732,2
2018-11-27,0,0.2231319,-0.0030552182237152223,0.0030552182237152223,2
2018-11-28,1,0.64794296,0.006154085648589298,0.006154085648589298,2
2018-11-29,1,0.5499537,0.0021282563230342836,0.0021282563230342836,2
2018-11-30,0,0.6205785,-0.004444753317076851,-0.004444753317076851,2
2018-12-03,1,0.10668771,0.0011120969434071908,-0.0011120969434071908,2
2018-12-04,0,0.19065379,-0.001055343439309746,0.001055343439309746,2
2018-12-05,1,0.5998486,0.0005445647806004922,0.0005445647806004922,2
2018-12-06,1,0.82123667,0.00226102987934065,0.00226102987934065,2
2018-12-07,1,0.43627852,0.002300368502689518,-0.002300368502689518,2
2018-12-10,0,0.1892665,-0.003902916391754538,0.003902916391754538,2
2018-12-11,0,0.06886312,-0.0029483233608125887,0.0029483233608125887,2
2018-12-12,1,0.16673435,0.004437154988177638,-0.004437154988177638,2
2018-12-13,0,0.2469434,-0.0008640370211150429,0.0008640370211150429,2
2018-12-14,0,0.88409954,-0.005089346754260064,-0.005089346754260064,2
2018-12-17,1,0.4941533,0.003874133037778065,-0.003874133037778065,2
2018-12-18,1,0.1395416,0.0022498726790908695,-0.0022498726790908695,2
2018-12-19,1,0.07954618,0.0012406398541560727,-0.0012406398541560727,2
2018-12-20,1,0.42031977,0.005894325669239869,-0.005894325669239869,2
2018-12-21,0,0.24575514,-0.007362502855146589,0.007362502855146589,2
2018-12-24,1,0.6426755,0.002733204388363113,0.002733204388363113,2
2018-12-25,1,0.58772117,0.001015549167608685,0.001015549167608685,2
2018-12-26,0,0.15076622,-0.004760354329909309,0.004760354329909309,2
2018-12-27,1,0.2683375,0.006119700433588459,-0.006119700433588459,2
2018-12-28,1,0.70118624,0.0007775629855240129,0.0007775629855240129,2
2018-12-31,1,0.13745317,0.0046324981013964464,-0.0046324981013964464,2
2019-01-01,0,0.072844796,-0.002731637394770495,0.002731637394770495,2
2019-01-02,0,0.91550374,-0.012608298115566716,-0.012608298115566716,2
2019-01-03,1,0.2024454,0.006426636088957116,-0.006426636088957116,2
2019-01-04,1,0.47054622,0.0016987238668561887,-0.0016987238668561887,2
2019-01-07,1,0.27528635,0.006054385516065887,-0.006054385516065887,2
2019-01-08,0,0.42096275,-0.0020641436330750672,0.0020641436330750672,2
2019-01-09,1,0.5726657,0.008594450913368567,0.008594450913368567,2
2019-01-10,0,0.68850446,-0.0038864264493645136,-0.0038864264493645136,2
2019-01-11,0,0.7568283,-0.00435283427225836,-0.00435283427225836,2
2019-01-14,1,0.19246079,0.0011121961372727578,-0.0011121961372727578,2
2019-01-15,0,0.5631166,-0.004898327287011697,-0.004898327287011697,2
2019-01-16,0,0.11252769,-0.0016427589079669254,0.0016427589079669254,2
2019-01-17,0,0.35297394,-0.0004784957874557275,0.0004784957874557275,2
2019-01-18,0,0.52494735,-0.0023781934087444396,-0.0023781934087444396,2
2019-01-21,1,0.72811645,0.0003296032683529126,0.0003296032683529126,2
2019-01-22,0,0.6531945,-0.00046606963613473793,-0.00046606963613473793,2
2019-01-23,1,0.665683,0.002127322710837133,0.002127322710837133,2
2019-01-24,0,0.9098313,-0.006583448410776002,-0.006583448410776002,2
2019-01-25,1,0.28918496,0.008760988515929479,-0.008760988515929479,2
2019-01-28,1,0.15063928,0.0014848026534814308,-0.0014848026534814308,2
2019-01-29,1,0.28886703,0.0004686962359195961,-0.0004686962359195961,2
2019-01-30,1,0.19963683,0.004561711164055767,-0.004561711164055767,2
2019-01-31,0,0.30983433,-0.0033259073301630383,0.0033259073301630383,2
2019-02-01,1,0.19537336,0.0005039053289244775,-0.0005039053289244775,2
2019-02-04,0,0.63271344,-0.0016595470915365055,-0.0016595470915365055,2
2019-02-05,0,0.88684046,-0.0023074618573273305,-0.0023074618573273305,2
2019-02-06,0,0.25296265,-0.003860612972666276,0.003860612972666276,2
2019-02-07,0,0.27359936,-0.002395346293797252,0.002395346293797252,2
2019-02-08,0,0.21048664,-0.001280408356981286,0.001280408356981286,2
2019-02-11,0,0.38109604,-0.004000844109966494,0.004000844109966494,2
2019-02-12,1,0.6286891,0.004918473500405294,0.004918473500405294,2
2019-02-13,0,0.50490695,-0.0061695798826221495,-0.0061695798826221495,2
2019-02-14,1,0.1790245,0.002695914497866886,-0.002695914497866886,2
2019-02-15,1,0.55866015,0.00023722211329449253,0.00023722211329449253,2
2019-02-18,1,0.5355391,0.0012322692836785431,0.0012322692836785431,2
2019-02-19,1,0.7989222,0.0027411608677647453,0.0027411608677647453,2
2019-02-20,1,0.74137837,0.00029495792912739876,0.00029495792912739876,2
2019-02-21,0,0.93103576,-0.0002949579291274804,-0.0002949579291274804,2
2019-02-22,0,0.92501277,-6.799872349992361e-05,-6.799872349992361e-05,2
2019-02-25,1,0.11768488,0.0022255802146592192,-0.0022255802146592192,2
2019-02-26,1,0.3416641,0.00225328383968603,-0.00225328383968603,2
2019-02-27,0,0.37603754,-0.001138629745206279,0.001138629745206279,2
2019-02-28,0,0.56338745,-0.0005916024068000906,-0.0005916024068000906,2
2019-03-01,1,0.4827648,0.000216102237530327,-0.000216102237530327,2
2019-03-04,0,0.2123521,-0.0033956403273075345,0.0033956403273075345,2
2019-03-05,0,0.8388761,-0.0026719963826242242,-0.0026719963826242242,2
2019-03-06,1,0.67794544,0.0006107727107340299,0.0006107727107340299,2
2019-03-07,0,0.41424808,-0.010276757477315702,0.010276757477315702,2
2019-03-08,1,0.6856771,0.00303939147306997,0.00303939147306997,2
2019-03-11,1,0.24159557,0.0023841175775367028,-0.0023841175775367028,2
2019-03-12,1,0.45148507,0.0025026548306310145,-0.0025026548306310145,2
2019-03-13,1,0.11227873,0.00385648502303467,-0.00385648502303467,2
2019-03-14,0,0.58215046,-0.0020036509660536087,-0.0020036509660536087,2
2019-03-15,1,0.197895,0.001006960990779451,-0.001006960990779451,2
2019-03-18,1,0.6001901,0.0014500240764859019,0.0014500240764859019,2
2019-03-19,1,0.21568905,0.0016450012745673303,-0.0016450012745673303,2
2019-03-20,1,0.64757425,0.0064134108071521164,0.0064134108071521164,2
2019-03-21,0,0.50996995,-0.004640417885864895,-0.004640417885864895,2
2019-03-22,0,0.68304396,-0.006982574004310345,-0.006982574004310345,2
2019-03-25,1,0.14845319,0.0017637043133131368,-0.0017637043133131368,2
2019-03-26,0,0.30011213,-0.0036257832363158385,0.0036257832363158385,2
2019-03-27,0,0.023374902,-0.0020498839618826913,0.0020498839618826913,2
2019-03-28,0,0.41221988,-0.0019334983338959073,0.0019334983338959073,2
2019-03-29,0,0.5945017,-0.0005500201511865513,-0.0005500201511865513,2
2019-04-01,0,0.3443574,-0.0016149625564932128,0.0016149625564932128,2
2019-04-02,0,0.32886663,-0.00016809826851559137,0.00016809826851559137,2
2019-04-03,1,0.54090977,0.0038390967308610242,0.0038390967308610242,2
2019-04-04,0,0.28119153,-0.0018764497341418646,0.0018764497341418646,2
2019-04-05,0,0.60255843,-0.0005611678088361302,-0.0005611678088361302,2
2019-04-08,1,0.87677664,0.0032814920734817597,0.0032814920734817597,2
2019-04-09,1,0.3877251,0.0009346878341712132,-0.0009346878341712132,2
2019-04-10,1,0.67741334,0.0008454413460726391,0.0008454413460726391,2
2019-04-11,0,0.676829,-0.0013973625671130883,-0.0013973625671130883,2
2019-04-12,1,0.6449757,0.003926453887287985,0.003926453887287985,2
2019-04-15,0,0.2607825,-1.1282974956001002e-05,1.1282974956001002e-05,2
2019-04-16,0,0.24832028,-0.0017620218189264153,0.0017620218189264153,2
2019-04-17,1,0.7008669,0.0010726753274142547,0.0010726753274142547,2
2019-04-18,0,0.36693949,-0.005430513022733237,0.005430513022733237,2
2019-04-19,1,0.28612465,0.0007643436363329363,-0.0007643436363329363,2
2019-04-22,1,0.6106249,0.0012827031012071087,0.0012827031012071087,2
2019-04-23,0,0.5013523,-0.0030802152729997824,-0.0030802152729997824,2
2019-04-24,0,0.6021186,-0.00633289171461129,-0.00633289171461129,2
2019-04-25,0,0.24856938,-0.0014934894594870038,0.0014934894594870038,2
2019-04-26,1,0.10626414,0.0012035870718230023,-0.0012035870718230023,2
2019-04-29,1,0.3722312,0.003126975986935249,-0.003126975986935249,2
2019-04-30,1,0.5513295,0.0027552885720882737,0.0027552885720882737,2
2019-05-01,0,0.22225416,-0.0013562607830761623,0.0013562607830761623,2
2019-05-02,0,0.63920623,-0.0024387022843649175,-0.0024387022843649175,2
2019-05-03,1,0.3285965,0.0010956263111556311,-0.0010956263111556311,2
2019-05-06,1,0.43941316,0.001432791484107263,-0.001432791484107263,2
2019-05-07,0,0.23552278,-0.0009629197866595418,0.0009629197866595418,2
2019-05-08,1,0.6629963,0.0006492528629151659,0.0006492528629151659,2
2019-05-09,1,0.48856214,0.0021187176311267208,-0.0021187176311267208,2
2019-05-10,1,0.7472714,0.0012801764504052242,0.0012801764504052242,2
2019-05-13,0,0.784906,-0.0003482529293695144,-0.0003482529293695144,2
2019-05-14,0,0.44883838,-0.002501708789448315,0.002501708789448315,2
2019-05-15,1,0.7722421,0.000246485180568758,0.000246485180568758,2
2019-05-16,0,0.5919561,-0.0030101684148013666,-0.0030101684148013666,2
2019-05-17,0,0.39473227,-0.0007372774880440244,0.0007372774880440244,2
2019-05-20,1,0.9122054,0.00029036522491189705,0.00029036522491189705,2
2019-05-21,0,0.78632295,-0.0011720120537771794,-0.0011720120537771794,2
2019-05-23,1,0.29446286,0.002602643865678214,-0.002602643865678214,2
2019-05-24,1,0.24531467,0.002239375060896092,-0.002239375060896092,2
2019-05-27,0,0.4595863,-0.0014113484229800796,0.0014113484229800796,2
2019-05-28,0,0.90159154,-0.0020687923774010642,-0.0020687923774010642,2
2019-05-29,0,0.5731719,-0.0029892075171091474,-0.0029892075171091474,2
2019-05-30,0,0.7523935,-0.0005567402489159767,-0.0005567402489159767,2
2019-05-31,1,0.56152886,0.0038475888526603077,0.0038475888526603077,2
2019-06-03,1,0.4733125,0.006445830078431998,-0.006445830078431998,2
2019-06-04,1,0.19106708,0.0006863168436886033,-0.0006863168436886033,2
2019-06-05,0,0.16589308,-0.0022258578473965626,0.0022258578473965626,2
2019-06-06,1,0.2711678,0.00421982834453577,-0.00421982834453577,2
2019-06-07,1,0.16666783,0.003864012256703093,-0.003864012256703093,2
2019-06-10,0,0.7501454,-0.0001811446154029547,-0.0001811446154029547,2
2019-06-11,1,0.43222868,0.0010077795044543913,-0.0010077795044543913,2
2019-06-12,0,0.419015,-0.0029977898381629686,0.0029977898381629686,2
2019-06-13,0,0.9603349,-0.0013432139022485834,-0.0013432139022485834,2
2019-06-14,0,0.7005394,-0.005635586181714624,-0.005635586181714624,2
2019-06-17,1,0.48949105,0.0006731322746558854,-0.0006731322746558854,2
2019-06-18,0,0.2586964,-0.0023543285384641957,0.0023543285384641957,2
2019-06-19,1,0.21592945,0.0035898806005276213,-0.0035898806005276213,2
2019-06-20,1,0.26072246,0.005070115747244044,-0.005070115747244044,2
2019-06-21,1,0.3942663,0.007858698550878718,-0.007858698550878718,2
2019-06-24,1,0.41631287,0.001366994847334753,-0.001366994847334753,2
2019-06-25,0,0.25396195,-0.0026640390021479346,0.0026640390021479346,2
2019-06-26,1,0.18470135,0.00042076235336564207,-0.00042076235336564207,2
2019-06-27,0,0.20431706,-0.0001592063874156251,0.0001592063874156251,2
2019-06-28,0,0.20317216,-0.0007048372340149661,0.0007048372340149661,2
2019-07-01,0,0.7467486,-0.006841027998014664,-0.006841027998014664,2
2019-07-02,1,0.19422866,0.0004967823546674645,-0.0004967823546674645,2
2019-07-03,0,0.3367416,-0.000451686928460923,0.000451686928460923,2
2019-07-04,0,0.1905474,-0.00019180164220283647,0.00019180164220283647,2
2019-07-05,0,0.24257661,-0.005189307743699327,0.005189307743699327,2
2019-07-08,0,0.80022717,-0.0010099377256192056,-0.0010099377256192056,2
2019-07-09,0,0.84825474,-0.0006951303941730276,-0.0006951303941730276,2
2019-07-10,1,0.9084895,0.0045046519407322076,0.0045046519407322076,2
2019-07-11,0,0.8163927,-0.0005740370210267257,-0.0005740370210267257,2
2019-07-12,1,0.5165714,0.001745659265439037,0.001745659265439037,2
2019-07-15,0,0.13277581,-0.000912672079438287,0.000912672079438287,2
2019-07-16,0,0.14773998,-0.0044048128062413846,0.0044048128062413846,2
2019-07-17,1,0.15665293,0.001548420031514653,-0.001548420031514653,2
2019-07-18,1,0.23911539,0.0028339516693954517,-0.0028339516693954517,2
2019-07-19,0,0.43582094,-0.003844110215074048,0.003844110215074048,2
2019-07-22,0,0.3535046,-0.0010875570533576903,0.0010875570533576903,2
2019-07-23,0,0.50721437,-0.004907467549869097,-0.004907467549869097,2
2019-07-24,0,0.6701462,-0.0007913887906001747,-0.0007913887906001747,2
2019-07-25,1,0.6345963,0.00033427774684148016,0.00033427774684148016,2
2019-07-26,0,0.4539341,-0.0012586424965774683,0.0012586424965774683,2
2019-07-29,1,0.24093786,0.0009801032980864398,-0.0009801032980864398,2
2019-07-30,1,0.70774627,0.0013379691883316093,0.0013379691883316093,2
2019-07-31,0,0.69459265,-0.007758017936413691,-0.007758017936413691,2
2019-08-01,1,0.60500145,0.0006423671708644623,0.0006423671708644623,2
2019-08-02,1,0.22892523,0.0026290992844662667,-0.0026290992844662667,2
2019-08-05,1,0.13335228,0.012147950516988368,-0.012147950516988368,2
2019-08-06,0,0.24023537,-0.0032778523360136405,0.0032778523360136405,2
2019-08-07,0,0.5323732,-0.00023531912498826624,-0.00023531912498826624,2
2019-08-08,0,0.3326739,-0.0015338026478229872,0.0015338026478229872,2
2019-08-09,1,0.16146722,0.0019035649861258426,-0.0019035649861258426,2
2019-08-12,1,0.24259907,0.000874715743938375,-0.000874715743938375,2
2019-08-13,0,0.3266932,-0.003684014354080683,0.003684014354080683,2
2019-08-14,0,0.24644442,-0.003024408733292059,0.003024408733292059,2
2019-08-15,0,0.7366547,-0.0026708564106834526,-0.0026708564106834526,2
2019-08-16,0,0.6759981,-0.001776590511615778,-0.001776590511615778,2
2019-08-19,0,0.45594266,-0.0009646611520012486,0.0009646611520012486,2
2019-08-20,1,0.40452307,0.0013197377273767932,-0.0013197377273767932,2
2019-08-21,0,0.38471186,-0.0006323495735885972,0.0006323495735885972,2
2019-08-22,0,0.5903462,-0.0006098411473298048,-0.0006098411473298048,2
2019-08-23,1,0.6324889,0.005312309309738264,0.005312309309738264,2
2019-08-26,0,0.20355964,-0.003537256893122397,0.003537256893122397,2
2019-08-27,0,0.23169596,-0.0012317467317716595,0.0012317467317716595,2
2019-08-28,0,0.40809467,-0.00037704624230177567,0.00037704624230177567,2
2019-08-29,0,0.4650184,-0.002159328985370535,0.002159328985370535,2
2019-08-30,0,0.40188783,-0.006362502791238596,0.006362502791238596,2
2019-09-02,0,0.36937305,-0.0021191385919892562,0.0021191385919892562,2
2019-09-03,1,0.36442155,0.0005485905007386359,-0.0005485905007386359,2
2019-09-04,1,0.45148906,0.005491346018407023,-0.005491346018407023,2
2019-09-05,1,0.26990664,0.00012141682649037292,-0.00012141682649037292,2
2019-09-06,0,0.20169672,-0.001422711981305087,0.001422711981305087,2
2019-09-09,1,0.7038252,0.0025158795130875685,0.0025158795130875685,2
2019-09-10,1,0.58373874,0.00017672051437775128,0.00017672051437775128,2
2019-09-11,0,0.5085399,-0.0033426925327245337,-0.0033426925327245337,2
2019-09-12,1,0.20774561,0.004061228432765623,-0.004061228432765623,2
2019-09-13,1,0.03750256,0.0022695435289529064,-0.0022695435289529064,2
2019-09-16,0,0.5009012,-0.007013239349717472,-0.007013239349717472,2
2019-09-17,1,0.6998304,0.006226583852135981,0.006226583852135981,2
2019-09-18,0,0.72377145,-0.003912760857539547,-0.003912760857539547,2
2019-09-19,1,0.66726893,0.001545621897768486,0.001545621897768486,2
2019-09-20,0,0.55472124,-0.0026701114277863374,-0.0026701114277863374,2
2019-09-23,0,0.8754824,-0.0023003809903156002,-0.0023003809903156002,2
2019-09-24,1,0.86196935,0.002101950365998579,0.002101950365998579,2
2019-09-25,0,0.83718526,-0.0058218563359692605,-0.0058218563359692605,2
2019-09-26,0,0.92748386,-0.0027564192221066833,-0.0027564192221066833,2
2019-09-27,1,0.8515795,0.0018257472434580673,0.0018257472434580673,2
2019-09-30,0,0.3314661,-0.003942544389598497,0.003942544389598497,2
2019-10-01,1,0.3376888,0.00323157095816303,-0.00323157095816303,2
2019-10-02,1,0.7765163,0.0026277761845698395,0.0026277761845698395,2
2019-10-03,1,0.6704229,0.0010641256168011464,0.0010641256168011464,2
2019-10-04,1,0.6090828,0.001021221175843762,0.001021221175843762,2
2019-10-07,0,0.6187755,-0.0013175672354694208,-0.0013175672354694208,2
2019-10-08,0,0.47180766,-0.0010965267988037083,0.0010965267988037083,2
2019-10-09,1,0.80863774,0.0025240028453327565,0.0025240028453327565,2
2019-10-10,1,0.5956866,0.0021118508038712965,0.0021118508038712965,2
2019-10-11,1,0.20893052,0.0017214227218684101,-0.0017214227218684101,2
2019-10-14,0,0.9229996,-9.046477989097708e-05,-9.046477989097708e-05,2
2019-10-15,1,0.60679287,0.0005185753331736073,0.0005185753331736073,2
2019-10-16,1,0.66938776,0.003636940737031958,0.003636940737031958,2
2019-10-17,1,0.7120241,0.004706823401557925,0.004706823401557925,2
2019-10-18,1,0.8731747,0.002562558558288225,0.002562558558288225,2
2019-10-21,0,0.81796634,-0.00035686656150583955,-0.00035686656150583955,2
2019-10-22,0,0.56888133,-0.002016512323627505,-0.002016512323627505,2
2019-10-23,1,0.33345622,0.0002782411876379464,-0.0002782411876379464,2
2019-10-24,0,0.35735658,-0.0025570968400006238,0.0025570968400006238,2
2019-10-25,0,0.8595774,-0.0017751204828273918,-0.0017751204828273918,2
2019-10-28,1,0.1258957,0.0013421613323956986,-0.0013421613323956986,2
2019-10-29,1,0.33809564,0.0014106152649588333,-0.0014106152649588333,2
2019-10-30,1,0.15010597,0.003563011187457375,-0.003563011187457375,2
2019-10-31,1,0.07981848,0.00023423408127475206,-0.00023423408127475206,2
2019-11-01,1,0.2941636,0.0008483186461446384,-0.0008483186461446384,2
2019-11-04,0,0.124979585,-0.0034110980809337267,0.0034110980809337267,2
2019-11-05,0,0.20077807,-0.004895684739124028,0.004895684739124028,2
2019-11-06,0,0.39460182,-0.0003432343040610424,0.0003432343040610424,2
2019-11-07,0,0.4035249,-0.004590274687228495,0.004590274687228495,2
2019-11-08,1,0.40246776,0.0002491037604669932,-0.0002491037604669932,2
2019-11-11,1,0.4655623,0.0011799926648196426,-0.0011799926648196426,2
2019-11-12,0,0.6004002,-0.002094506567395076,-0.002094506567395076,2
2019-11-13,1,0.20739725,7.707129932540324e-05,-7.707129932540324e-05,2
2019-11-14,1,0.1326441,0.0006610320661621835,-0.0006610320661621835,2
2019-11-15,1,0.25689948,0.003134730585158303,-0.003134730585158303,2
2019-11-18,1,0.321375,0.0015599736293654563,-0.0015599736293654563,2
2019-11-19,1,0.5219435,0.0006901025558301477,0.0006901025558301477,2
2019-11-20,0,0.68902624,-0.0001030761451725312,-0.0001030761451725312,2
2019-11-21,0,0.55244625,-0.001173751261188495,-0.001173751261188495,2
2019-11-22,0,0.4152255,-0.0039206455924227866,0.0039206455924227866,2
2019-11-25,0,0.37219155,-0.0007381815159191847,0.0007381815159191847,2
2019-11-26,1,0.12805726,0.0007381815159192047,-0.0007381815159192047,2
2019-11-27,0,0.15403457,-0.0016079721459086524,0.0016079721459086524,2
2019-11-28,1,0.060935237,0.0006275423045720938,-0.0006275423045720938,2
2019-11-29,1,0.51198226,0.0006609029720220995,0.0006609029720220995,2
2019-12-02,1,0.5127683,0.005436089218695758,0.005436089218695758,2
2019-12-03,1,0.093706146,0.0005540853176035471,-0.0005540853176035471,2
2019-12-04,0,0.35102713,-0.00019950418705007048,0.00019950418705007048,2
2019-12-05,1,0.69116366,0.002019123089264813,0.002019123089264813,2
2019-12-06,0,0.44096556,-0.004200130717519964,0.004200130717519964,2
2019-12-09,1,0.5554237,0.0005519736322186549,0.0005519736322186549,2
2019-12-10,1,0.5180611,0.002504942866564743,0.002504942866564743,2
2019-12-11,1,0.13479692,0.003878867315365377,-0.003878867315365377,2
2019-12-12,1,0.10763922,0.004497849743318054,-0.004497849743318054,2
2019-12-13,0,0.7581871,-0.005521771250448632,-0.005521771250448632,2
2019-12-16,1,0.17526948,0.001124222275714461,-0.001124222275714461,2
2019-12-17,1,0.31215352,0.0012927328987956917,-0.0012927328987956917,2
2019-12-18,0,0.27289128,-0.0031842980116769575,0.0031842980116769575,2
2019-12-19,1,0.21549717,0.0009008548009907165,-0.0009008548009907165,2
2019-12-20,0,0.52070373,-0.004152561824686467,-0.004152561824686467,2
2019-12-23,1,0.42577356,0.001263934968798012,-0.001263934968798012,2
2019-12-24,0,0.22209574,-0.0003327368246873999,0.0003327368246873999,2
2019-12-25,1,0.7083236,0.0004770388220483902,0.0004770388220483902,2
2019-12-26,1,0.48351565,0.0005104234111590525,-0.0005104234111590525,2
2019-12-27,1,0.20892687,0.007286623560670526,-0.007286623560670526,2
2019-12-30,1,0.15918472,0.0017862810709916835,-0.0017862810709916835,2
2019-12-31,1,0.15542787,0.0016526425861239922,-0.0016526425861239922,2
2020-01-01,0,0.26951635,0.0,-0.0,2
2020-01-02,0,0.24574457,-0.004411210053900604,0.004411210053900604,2
2020-01-03,0,0.6948118,-0.0008486965705175967,-0.0008486965705175967,2
2020-01-06,1,0.81009305,0.0032231383954302996,0.0032231383954302996,2
2020-01-07,0,0.5688467,-0.00387033975832015,-0.00387033975832015,2
2020-01-08,0,0.3072408,-0.0037298266820401005,0.0037298266820401005,2
2020-01-09,0,0.6713955,-0.0001889169480695333,-0.0001889169480695333,2
2020-01-10,1,0.3060082,0.0005000532657696564,-0.0005000532657696564,2
2020-01-13,1,0.28122208,0.0017134288682368716,-0.0017134288682368716,2
2020-01-14,0,0.16635911,-0.0004341866069445138,0.0004341866069445138,2
2020-01-15,1,0.18556514,0.0020736147906197213,-0.0020736147906197213,2
2020-01-16,0,0.46551695,-0.001294140833420409,0.001294140833420409,2
2020-01-17,0,0.79731345,-0.004046570453323238,-0.004046570453323238,2
2020-01-20,1,0.80186796,0.00021079095030663436,0.00021079095030663436,2
2020-01-21,0,0.21272711,-0.0010204176837492315,0.0010204176837492315,2
2020-01-22,1,0.2804068,0.0009760499881296328,-0.0009760499881296328,2
2020-01-23,0,0.6136254,-0.0037215309488002925,-0.0037215309488002925,2
2020-01-24,0,0.2100948,-0.0027048154401574376,0.0027048154401574376,2
2020-01-27,0,0.12380198,-0.0005070083082547705,0.0005070083082547705,2
2020-01-28,1,0.50562644,0.00025342813606535716,0.00025342813606535716,2
2020-01-29,0,0.3355127,-0.000517957493631393,0.000517957493631393,2
2020-01-30,1,0.45947504,0.0011133636077491934,-0.0011133636077491934,2
2020-01-31,1,0.5062425,0.005485525052044301,0.005485525052044301,2
2020-02-03,0,0.8942453,-0.002425760277789674,-0.002425760277789674,2
2020-02-04,0,0.52658576,-0.0014150782738122072,-0.0014150782738122072,2
2020-02-05,0,0.7107371,-0.00407914716479985,-0.00407914716479985,2
2020-02-06,0,0.88318306,-0.0017588635635339997,-0.0017588635635339997,2
2020-02-07,0,0.4672632,-0.003070422989157765,0.003070422989157765,2
2020-02-10,0,0.43120256,-0.003279425511196765,0.003279425511196765,2
2020-02-11,1,0.16075101,0.000545789907371758,-0.000545789907371758,2
2020-02-12,0,0.52263725,-0.003988568387690097,-0.003988568387690097,2
2020-02-13,0,0.4532848,-0.002758693593560904,0.002758693593560904,2
2020-02-14,0,0.095495544,-0.00039037003474076096,0.00039037003474076096,2
2020-02-17,0,0.78645676,-0.00015174787186215667,-0.00015174787186215667,2
2020-02-18,0,0.573768,-0.004132423073716513,-0.004132423073716513,2
2020-02-19,1,0.53001785,0.001360184848757387,0.001360184848757387,2
2020-02-20,0,0.42645583,-0.0020464967645173063,0.0020464967645173063,2
2020-02-21,1,0.14672069,0.004721186336458318,-0.004721186336458318,2
2020-02-24,1,0.3406363,0.0009358327590463808,-0.0009358327590463808,2
2020-02-25,1,0.3416124,0.0030184151366617726,-0.0030184151366617726,2
2020-02-26,1,0.29550236,0.00035815540493814473,-0.00035815540493814473,2
2020-02-27,1,0.6117144,0.010175447527352655,0.010175447527352655,2
2020-02-28,1,0.26061288,0.004905810422639446,-0.004905810422639446,2
2020-03-02,1,0.24559772,0.008356433460812803,-0.008356433460812803,3
2020-03-03,1,0.28427616,0.0032817291958698153,-0.0032817291958698153,3
2020-03-04,0,0.33663195,-0.0037273637898381047,0.0037273637898381047,3
2020-03-05,1,0.52771074,0.007580987646460575,0.007580987646460575,3
2020-03-06,1,0.5297775,0.014345408615899148,0.014345408615899148,3
2020-03-09,1,0.5137362,0.0010481051458759174,0.0010481051458759174,3
2020-03-10,0,0.70077115,-0.007172069563950822,-0.007172069563950822,3
2020-03-11,0,0.7224114,-0.004871123222760194,-0.004871123222760194,3
2020-03-12,0,0.6514471,-0.006823700781210399,-0.006823700781210399,3
2020-03-13,0,0.6319838,-0.0026473308768339967,-0.0026473308768339967,3
2020-03-16,1,0.32419607,0.0007030167891367934,-0.0007030167891367934,3
2020-03-17,0,0.62942606,-0.013317896271767483,-0.013317896271767483,3
2020-03-18,0,0.3544001,-0.004911892531991977,0.004911892531991977,3
2020-03-19,0,0.64456576,-0.0281440807711631,-0.0281440807711631,3
2020-03-20,1,0.48395997,0.0034696894543758275,-0.0034696894543758275,3
2020-03-23,1,0.41876265,0.006544952365581136,-0.006544952365581136,3
2020-03-24,1,0.39695677,0.0035262190611547056,-0.0035262190611547056,3
2020-03-25,1,0.61424106,0.0080152144181938,0.0080152144181938,3
2020-03-26,1,0.22773327,0.014467411219748632,-0.014467411219748632,3
2020-03-27,1,0.44732165,0.008187089303251458,-0.008187089303251458,3
2020-03-30,0,0.5270399,-0.00979877568790389,-0.00979877568790389,3
2020-03-31,0,0.4150425,-0.0003529198097441969,0.0003529198097441969,3
2020-04-01,0,0.29132417,-0.006638045995333951,0.006638045995333951,3
2020-04-02,0,0.7193607,-0.009744816047908876,-0.009744816047908876,3
2020-04-03,0,0.762183,-0.0037354318739070817,-0.0037354318739070817,3
2020-04-06,0,0.7444124,-0.0002916967182406305,-0.0002916967182406305,3
2020-04-07,1,0.67733014,0.008419050808379198,0.008419050808379198,3
2020-04-08,0,0.6102818,-0.0028938347371023966,-0.0028938347371023966,3
2020-04-09,1,0.7405134,0.005850777165835929,0.005850777165835929,3
2020-04-10,1,0.8353249,0.00048098003060578255,0.00048098003060578255,3
2020-04-13,0,0.762123,-0.0008851384596626316,-0.0008851384596626316,3
2020-04-14,1,0.7546875,0.005696039300324107,0.005696039300324107,3
2020-04-15,0,0.6573955,-0.007335406043470732,-0.007335406043470732,3
2020-04-16,0,0.5086996,-0.004285139918145141,-0.004285139918145141,3
2020-04-17,1,0.19324109,0.0007820191746308519,-0.0007820191746308519,3
2020-04-20,0,0.14427382,-0.0001956120482852273,0.0001956120482852273,3
2020-04-21,0,0.7781141,-0.0007709720633413682,-0.0007709720633413682,3
2020-04-22,0,0.35219842,-0.00432246331143561,0.00432246331143561,3
2020-04-23,0,0.4234659,-0.0030221678851646873,0.0030221678851646873,3
2020-04-24,1,0.5509579,0.004320208971249524,0.004320208971249524,3
2020-04-27,1,0.39171815,0.00010825926220592308,-0.00010825926220592308,3
2020-04-28,1,0.58607423,0.0010830485703049676,0.0010830485703049676,3
2020-04-29,1,0.59592515,0.0037456223174487475,0.0037456223174487475,3
2020-04-30,1,0.7174236,0.0062521016248604224,0.0062521016248604224,3
2020-05-01,1,0.36218345,0.0012924943262924613,-0.0012924943262924613,3
2020-05-04,0,0.41526464,-0.00506151744593804,0.00506151744593804,3
2020-05-05,0,0.5312453,-0.00604445719420874,-0.00604445719420874,3
2020-05-06,0,0.17463385,-0.0036999484209204125,0.0036999484209204125,3
2020-05-07,1,0.39201826,0.003569826442106355,-0.003569826442106355,3
2020-05-08,1,0.31202534,0.00021678724144043578,-0.00021678724144043578,3
2020-05-11,0,0.6138384,-0.0027818730242306733,-0.0027818730242306733,3
2020-05-12,1,0.57465464,0.003454153486910613,0.003454153486910613,3
2020-05-13,0,0.6634015,-0.0021344971862724505,-0.0021344971862724505,3
2020-05-14,0,0.724782,-0.0015466442661771166,-0.0015466442661771166,3
2020-05-15,1,0.8045339,0.0013302007365226065,0.0013302007365226065,3
2020-05-18,1,0.47569633,0.008629270343230282,-0.008629270343230282,3
2020-05-19,1,0.81196505,0.00115766159200992,0.00115766159200992,3
2020-05-20,1,0.72605956,0.005039383759406821,0.005039383759406821,3
2020-05-21,0,0.760713,-0.0027418957158269978,-0.0027418957158269978,3
2020-05-22,0,0.6090738,-0.004126281178358824,-0.004126281178358824,3
2020-05-25,0,0.93596166,-0.00044052806362397163,-0.00044052806362397163,3
2020-05-26,1,0.8144437,0.007198964933553617,0.007198964933553617,3
2020-05-27,1,0.3272716,0.0031897006443984094,-0.0031897006443984094,3
2020-05-28,1,0.60627615,0.005634519843012668,0.005634519843012668,3
2020-05-29,1,0.70172685,0.0035516384955549527,0.0035516384955549527,3
2020-06-01,1,0.6188931,0.0006673092775855425,0.0006673092775855425,3
2020-06-02,1,0.84919345,0.005690338279647767,0.005690338279647767,3
2020-06-03,1,0.7199186,0.004148682561719183,0.004148682561719183,3
2020-06-04,1,0.5646002,0.00902938836116282,0.00902938836116282,3
2020-06-05,0,0.56250167,-0.0016199817594836688,-0.0016199817594836688,3
2020-06-08,0,0.5865966,-0.0012330280426620514,-0.0012330280426620514,3
2020-06-09,1,0.79379696,0.00235429926666161,0.00235429926666161,3
2020-06-10,1,0.5456595,0.0029280210908834464,0.0029280210908834464,3
2020-06-11,0,0.5388117,-0.00683004994336145,-0.00683004994336145,3
2020-06-12,0,0.4357776,-0.003200658370140185,0.003200658370140185,3
2020-06-15,1,0.49944577,0.007590147436824098,-0.007590147436824098,3
2020-06-16,0,0.80459416,-0.006374216046632514,-0.006374216046632514,3
2020-06-17,0,0.70554227,-0.002025784015529507,-0.002025784015529507,3
2020-06-18,0,0.33173722,-0.0028415210931360207,0.0028415210931360207,3
2020-06-19,0,0.6241385,-0.0029877213296054883,-0.0029877213296054883,3
2020-06-22,1,0.5212158,0.009095057230979923,0.009095057230979923,3
2020-06-23,1,0.68741584,0.0028917950091841924,0.0028917950091841924,3
2020-06-24,0,0.32510605,-0.0054489396656502145,0.0054489396656502145,3
2020-06-25,0,0.7219211,-0.0025620007730021385,-0.0025620007730021385,3
2020-06-26,1,0.48030084,0.0003367903676439813,-0.0003367903676439813,3
2020-06-29,1,0.58527905,0.0018989199031385483,0.0018989199031385483,3
2020-06-30,0,0.2630388,-0.0010005176272754655,0.0010005176272754655,3
2020-07-01,1,0.31200957,0.0013717322924298595,-0.0013717322924298595,3
2020-07-02,0,0.7921859,-0.001203159527819667,-0.001203159527819667,3
2020-07-03,1,0.72896963,0.0008319448626654612,0.0008319448626654612,3
2020-07-06,1,0.67653036,0.005820437088329796,0.005820437088329796,3
2020-07-07,0,0.8220056,-0.0033317075936469443,-0.0033317075936469443,3
2020-07-08,1,0.39270574,0.005653583667688177,-0.005653583667688177,3
2020-07-09,0,0.4804936,-0.004525481756836305,0.004525481756836305,3
2020-07-10,1,0.29288968,0.0019547842241859023,-0.0019547842241859023,3
2020-07-13,1,0.3848013,0.003129836355739189,-0.003129836355739189,3
2020-07-14,1,0.31354856,0.005731084189124986,-0.005731084189124986,3
2020-07-15,1,0.3147869,0.0005684764957306626,-0.0005684764957306626,3
2020-07-16,0,0.6656664,-0.0021988281362380624,-0.0021988281362380624,3
2020-07-17,1,0.41426748,0.004452839784056593,-0.004452839784056593,3
2020-07-20,1,0.6032986,0.001374087699634121,0.001374087699634121,3
2020-07-21,1,0.49149013,0.006552908037431887,-0.006552908037431887,3
2020-07-22,1,0.511342,0.003003306800597305,0.003003306800597305,3
2020-07-23,1,0.2661786,0.002362799250454524,-0.002362799250454524,3
2020-07-24,1,0.7129494,0.004859005509410978,0.004859005509410978,3
2020-07-27,1,0.33453107,0.009965846353997186,-0.009965846353997186,3
2020-07-28,0,0.6626042,-0.0042983898977795604,-0.0042983898977795604,3
2020-07-29,1,0.82896423,0.0054524132545194165,0.0054524132545194165,3
2020-07-30,1,0.20781733,0.007557730482728887,-0.007557730482728887,3
2020-07-31,0,0.6217584,-0.007604877620557198,-0.007604877620557198,3
2020-08-03,0,0.4283824,-0.0016128392275391056,0.0016128392275391056,3
2020-08-04,1,0.7151013,0.004420992329538805,0.004420992329538805,3
2020-08-05,1,0.6027072,0.004844217313191569,0.004844217313191569,3
2020-08-06,1,0.4846896,0.0003086983850073394,-0.0003086983850073394,3
2020-08-07,0,0.52576536,-0.007925657651976599,-0.007925657651976599,3
2020-08-10,0,0.65438294,-0.0038221210488238013,-0.0038221210488238013,3
2020-08-11,0,0.43367255,-0.00010562834554598832,0.00010562834554598832,3
2020-08-12,1,0.79546183,0.004867204375342793,0.004867204375342793,3
2020-08-13,1,0.5001087,0.0019277181561497953,0.0019277181561497953,3
2020-08-14,1,0.5965184,0.0030415396512393574,0.0030415396512393574,3
2020-08-17,1,0.5969158,0.0020169448636142393,0.0020169448636142393,3
2020-08-18,1,0.622727,0.005991819503850231,0.005991819503850231,3
2020-08-19,0,0.53588486,-0.008772937668035469,-0.008772937668035469,3
2020-08-20,1,0.3697578,0.002543704941241629,-0.002543704941241629,3
2020-08-21,0,0.33832785,-0.006391340754740066,0.006391340754740066,3
2020-08-24,0,0.526324,-0.00029498449271552575,-0.00029498449271552575,3
2020-08-25,1,0.50418127,0.00342631292556195,0.00342631292556195,3
2020-08-26,1,0.68425167,0.0006511822732343915,0.0006511822732343915,3
2020-08-27,0,0.52488846,-0.0019521980310365427,-0.0019521980310365427,3
2020-08-28,1,0.75892794,0.008308183307316435,0.008308183307316435,3
2020-08-31,1,0.6328671,0.0017415756438499876,0.0017415756438499876,3
2020-09-01,0,0.43261266,-0.0013243685869996468,0.0013243685869996468,3
2020-09-02,0,0.8472543,-0.006382304050645197,-0.006382304050645197,3
2020-09-03,0,0.7461589,-0.0006395501907557035,-0.0006395501907557035,3
2020-09-04,0,0.45070738,-0.0004498626544599933,0.0004498626544599933,3
2020-09-07,0,0.380089,-0.0010763825397819159,0.0010763825397819159,3
2020-09-08,0,0.7110523,-0.004364450442230898,-0.004364450442230898,3
2020-09-09,1,0.7269641,0.0030650000384232798,0.0030650000384232798,3
2020-09-10,1,0.8522874,0.0015241955964892995,0.0015241955964892995,3
2020-09-11,1,0.7920576,0.0015501619098305707,0.0015501619098305707,3
2020-09-14,1,0.4389283,0.0023001587836135036,-0.0023001587836135036,3
2020-09-15,0,0.609443,-0.0021580365093011983,-0.0021580365093011983,3
2020-09-16,0,0.29039413,-0.0034643925057169208,0.0034643925057169208,3
2020-09-17,1,0.3447339,0.003784194404350613,-0.003784194404350613,3
2020-09-18,0,0.3619784,-0.00022509848153577297,0.00022509848153577297,3
2020-09-21,0,0.61471117,-0.006566912063439029,-0.006566912063439029,3
2020-09-22,0,0.5081267,-0.005080188782394758,-0.005080188782394758,3
2020-09-23,0,0.46388805,-0.004264457091039797,0.004264457091039797,3
2020-09-24,1,0.69710726,0.0012599555256344206,0.0012599555256344206,3
2020-09-25,0,0.7319453,-0.0032515291017523847,-0.0032515291017523847,3
2020-09-28,1,0.5891595,0.003730263732286211,0.003730263732286211,3
2020-09-29,1,0.46975055,0.005398432735944618,-0.005398432735944618,3
2020-09-30,0,0.38353953,-0.0013611364287141254,0.0013611364287141254,3
2020-10-01,1,0.2224629,0.0016077063645410661,-0.0016077063645410661,3
2020-10-02,0,0.46260157,-0.002088376631710885,0.002088376631710885,3
2020-10-05,1,0.5156633,0.006125130992924238,0.006125130992924238,3
2020-10-06,0,0.3090865,-0.0046590314432261234,0.0046590314432261234,3
2020-10-07,1,0.45846513,0.002538556036391257,-0.002538556036391257,3
2020-10-08,0,0.4149218,-4.001590303448758e-05,4.001590303448758e-05,3
2020-10-09,1,0.6266959,0.0042262424063774584,0.0042262424063774584,3
2020-10-12,0,0.14066322,-5.911793222122852e-05,5.911793222122852e-05,3
2020-10-13,0,0.37049,-0.006278180816362914,0.006278180816362914,3
2020-10-14,1,0.46505103,0.00015267773840009084,-0.00015267773840009084,3
2020-10-15,0,0.8194842,-0.0031425047396492416,-0.0031425047396492416,3
2020-10-16,1,0.8092117,0.00071446274989687,0.00071446274989687,3
2020-10-19,1,0.35822162,0.004544144882611173,-0.004544144882611173,3
2020-10-20,1,0.44078618,0.005168120008133394,-0.005168120008133394,3
2020-10-21,1,0.54139864,0.002036803587023197,0.002036803587023197,3
2020-10-22,0,0.46424705,-0.0032899579374845926,0.0032899579374845926,3
2020-10-23,1,0.5267231,0.00282765456409247,0.00282765456409247,3
2020-10-26,0,0.6859587,-0.003300162903845182,-0.003300162903845182,3
2020-10-27,0,0.6710335,-0.0021470612785488377,-0.0021470612785488377,3
2020-10-28,0,0.78461546,-0.003012149800032766,-0.003012149800032766,3
2020-10-29,0,0.845373,-0.005973974709475419,-0.005973974709475419,3
2020-10-30,0,0.5814314,-0.0031366510442316082,-0.0031366510442316082,3
2020-11-02,1,0.6820859,5.826095554634443e-05,5.826095554634443e-05,3
2020-11-03,1,0.7530585,0.010204356761020732,0.010204356761020732,3
2020-11-04,0,0.57906055,-0.002513986342437094,-0.002513986342437094,3
2020-11-05,1,0.41660258,0.007206380695062468,-0.007206380695062468,3
2020-11-06,1,0.63981926,0.006366183456068054,0.006366183456068054,3
2020-11-09,0,0.63808954,-0.0055386456714018525,-0.0055386456714018525,3
2020-11-10,0,0.408363,-0.000721221293889815,0.000721221293889815,3
2020-11-11,0,0.2619127,-0.0032625230156320003,0.0032625230156320003,3
2020-11-12,1,0.276873,0.0019586090254565085,-0.0019586090254565085,3
2020-11-13,1,0.6987636,0.00354019285936168,0.00354019285936168,3
2020-11-16,1,0.3939544,0.0011970869835477517,-0.0011970869835477517,3
2020-11-17,1,0.40869623,0.0003558725515353005,-0.0003558725515353005,3
2020-11-18,0,0.40543598,-0.0013516014389545322,0.0013516014389545322,3
2020-11-19,1,0.69555354,0.0015888129539181797,0.0015888129539181797,3
2020-11-20,0,0.6302219,0.0,0.0,3
2020-11-23,0,0.6576108,-0.0020033468877050592,-0.0020033468877050592,3
2020-11-24,1,0.33520156,0.004867342357784169,-0.004867342357784169,3
2020-11-25,1,0.68019235,0.0016364653286421252,0.0016364653286421252,3
2020-11-26,0,0.6176183,-0.00033608257865220067,-0.00033608257865220067,3
2020-11-27,1,0.3197642,0.004643726768977662,-0.004643726768977662,3
2020-11-30,0,0.36491925,-0.0027854849009629613,0.0027854849009629613,3
2020-12-01,1,0.27637428,0.01134569984525999,-0.01134569984525999,3
2020-12-02,1,0.819349,0.0033258801250090177,0.0033258801250090177,3
2020-12-03,1,0.38236573,0.002559485522245511,-0.002559485522245511,3
2020-12-04,0,0.55588615,-0.0020020007037437897,-0.0020020007037437897,3
2020-12-07,0,0.6087634,-0.0006786241721560766,-0.0006786241721560766,3
2020-12-08,0,0.7955319,-0.00018158890339934348,-0.00018158890339934348,3
2020-12-09,0,0.6558862,-0.002660881592207315,-0.002660881592207315,3
2020-12-10,1,0.81447136,0.005411394685255718,0.005411394685255718,3
2020-12-11,0,0.4950107,-0.0008971006575494956,0.0008971006575494956,3
2020-12-14,1,0.24785158,0.0012760274826384625,-0.0012760274826384625,3
2020-12-15,1,0.68987393,0.0004447932579340932,0.0004447932579340932,3
2020-12-16,1,0.5931727,0.003718838418115041,0.003718838418115041,3
2020-12-17,1,0.380261,0.0051614926845374685,-0.0051614926845374685,3
2020-12-18,0,0.59403723,-0.0038064083361426973,-0.0038064083361426973,3
2020-12-21,1,0.6857539,0.0016994360559733645,0.0016994360559733645,3
2020-12-22,0,0.80724925,-0.004115299835438132,-0.004115299835438132,3
2020-12-23,1,0.45755228,0.0003900283455694203,-0.0003900283455694203,3
2020-12-24,0,0.5799282,-0.0005485085946641497,-0.0005485085946641497,3
2020-12-25,1,0.340813,0.0016708003921992543,-0.0016708003921992543,3
2020-12-28,1,0.6449009,0.001502332029679512,0.001502332029679512,3
2020-12-29,1,0.45563468,0.0024109354771881916,-0.0024109354771881916,3
2020-12-30,1,0.48238924,0.003824067102786903,-0.003824067102786903,3
2020-12-31,0,0.41654506,-0.009773517884413802,0.009773517884413802,3
2021-01-01,1,0.56941444,0.005765555261008046,0.005765555261008046,3
2021-01-04,1,0.59491175,7.356226640494462e-05,7.356226640494462e-05,3
2021-01-05,1,0.5226113,0.003965123188171507,0.003965123188171507,3
2021-01-06,1,0.7243539,0.003314261048349765,0.003314261048349765,3
2021-01-07,0,0.5878878,-0.005660827653219397,-0.005660827653219397,3
2021-01-08,0,0.7712541,-0.006970396164782812,-0.006970396164782812,3
2021-01-11,0,0.4478778,-0.0020950213174325376,0.0020950213174325376,3
2021-01-12,1,0.46655586,0.003955158044529991,-0.003955158044529991,3
2021-01-13,0,0.67050815,-0.003808028393292716,-0.003808028393292716,3
2021-01-14,0,0.3293551,-0.0009239134183000088,0.0009239134183000088,3
2021-01-15,0,0.42390773,-0.006866108748783546,0.006866108748783546,3
2021-01-18,1,0.7680831,0.0007605172831768469,0.0007605172831768469,3
2021-01-19,1,0.115094006,0.0050853733131119285,-0.0050853733131119285,3
2021-01-20,0,0.431685,-0.0019161371485267263,0.0019161371485267263,3
2021-01-21,1,0.33780622,0.004172884115166977,-0.004172884115166977,3
2021-01-22,1,0.6273342,0.00025913209312755636,0.00025913209312755636,3
2021-01-25,0,0.53396845,-0.0019087660606736155,-0.0019087660606736155,3
2021-01-26,1,0.42577583,0.0013782815622589177,-0.0013782815622589177,3
2021-01-27,0,0.30621904,-0.004773378169334243,0.004773378169334243,3
2021-01-28,1,0.56403136,0.0012354407583351585,0.0012354407583351585,3
2021-01-29,1,0.545893,0.0003151851458534282,0.0003151851458534282,3
2021-02-01,0,0.6226011,-0.00456032922487926,-0.00456032922487926,3
2021-02-02,0,0.6182171,-0.0024589779925830125,-0.0024589779925830125,3
2021-02-03,1,0.49974734,0.000276917273947226,-0.000276917273947226,3
2021-02-04,0,0.79988647,-0.006302406474781382,-0.006302406474781382,3
2021-02-05,1,0.8107032,0.006832463888964413,0.006832463888964413,3
2021-02-08,1,0.85713214,0.0004001279473606964,0.0004001279473606964,3
2021-02-09,1,0.77592146,0.005493380213142898,0.005493380213142898,3
2021-02-10,1,0.4675942,0.0001006147186412552,-0.0001006147186412552,3
2021-02-11,1,0.5795796,0.0008488716587744375,0.0008488716587744375,3
2021-02-12,0,0.8933376,-0.0007761953783183526,-0.0007761953783183526,3
2021-02-15,1,0.82501215,0.0008330887385099504,0.0008330887385099504,3
2021-02-16,0,0.89389145,-0.0032787569674480477,-0.0032787569674480477,3
2021-02-17,0,0.44399214,-0.0036849485827756168,0.0036849485827756168,3
2021-02-18,1,0.81540614,0.003636543984999715,0.003636543984999715,3
2021-02-19,1,0.59246856,0.0028456766837020647,0.0028456766837020647,3
2021-02-22,1,0.8067001,0.003329382255763756,0.003329382255763756,3
2021-02-23,0,0.8143868,-0.001204987918721342,-0.001204987918721342,3
2021-02-24,1,0.8795688,0.001580961359324078,0.001580961359324078,3
2021-02-25,0,0.70267814,-0.0009002015062184444,-0.0009002015062184444,3
2021-02-26,0,0.84425765,-0.005844176882910137,-0.005844176882910137,3
2021-03-01,0,0.7825464,-0.0031866658408165566,-0.0031866658408165566,3
2021-03-02,1,0.3725771,0.002848097048624638,-0.002848097048624638,3
2021-03-03,0,0.32453862,-0.0028842034545033873,0.0028842034545033873,3
2021-03-04,0,0.6182202,-0.00690519775863099,-0.00690519775863099,3
2021-03-05,0,0.21194252,-0.0035242896042219775,0.0035242896042219775,3
2021-03-08,0,0.656182,-0.006217744884170941,-0.006217744884170941,3
2021-03-09,1,0.28133187,0.003890155314310437,-0.003890155314310437,3
2021-03-10,1,0.5643379,0.0023633748120306186,0.0023633748120306186,3
2021-03-11,1,0.65982807,0.005021504926535071,0.005021504926535071,3
2021-03-12,0,0.32357576,-0.0030159811771838406,0.0030159811771838406,3
2021-03-15,0,0.18320367,-0.002029413754968581,0.002029413754968581,3
2021-03-16,0,0.2618861,-0.0020252271693676203,0.0020252271693676203,3
2021-03-17,1,0.4941272,0.006794990677772875,-0.006794990677772875,3
2021-03-18,0,0.3873673,-0.005401606379240041,0.005401606379240041,3
2021-03-19,0,0.6537036,-0.0029514157086693777,-0.0029514157086693777,3
2021-03-22,1,0.49561137,0.004191626170597192,-0.004191626170597192,3
2021-03-23,0,0.5537066,-0.0078093163477120295,-0.0078093163477120295,3
2021-03-24,0,0.52645075,-0.002294449520728023,-0.002294449520728023,3
2021-03-25,0,0.62744063,-0.0030901862514860034,-0.0030901862514860034,3
2021-03-26,1,0.67744,0.0009661342348527806,0.0009661342348527806,3
2021-03-29,0,0.4309992,-0.0014430194363622135,0.0014430194363622135,3
2021-03-30,0,0.3763001,-0.004035176121666364,0.004035176121666364,3
2021-03-31,1,0.7636092,0.00044567955889988594,0.00044567955889988594,3
2021-04-01,1,0.73533136,0.004348963077613154,0.004348963077613154,3
2021-04-02,0,0.52497697,-0.0010007294698471864,-0.0010007294698471864,3
2021-04-05,1,0.69412476,0.00430470340840242,0.00430470340840242,3
2021-04-06,1,0.5809632,0.004667518332491089,0.004667518332491089,3
2021-04-07,0,0.27149397,-4.7487154005886665e-05,4.7487154005886665e-05,3
2021-04-08,1,0.41976285,0.0035326838721787264,-0.0035326838721787264,3
2021-04-09,0,0.26840034,-0.00127417156305379,0.00127417156305379,3
2021-04-12,1,0.5698403,0.0011907313782124399,0.0011907313782124399,3
2021-04-13,1,0.7993454,0.00330576270865255,0.00330576270865255,3
2021-04-14,1,0.58926815,0.00266938663461784,0.00266938663461784,3
2021-04-15,0,0.60176915,-0.001197872792266197,-0.001197872792266197,3
2021-04-16,0,0.47286052,-0.0001915020593817065,0.0001915020593817065,3
2021-04-19,1,0.61953866,0.006315822590865152,0.006315822590865152,3
2021-04-20,0,0.62712884,-0.0010714026456539285,-0.0010714026456539285,3
2021-04-21,1,0.79100484,0.0004452368864991329,0.0004452368864991329,3
2021-04-22,0,0.86456466,-0.0019122059613187559,-0.0019122059613187559,3
2021-04-23,1,0.7461114,0.006231051392350071,0.006231051392350071,3
2021-04-26,0,0.5558698,-0.0006768412074528475,-0.0006768412074528475,3
2021-04-27,1,0.40662426,0.0007143095577937462,-0.0007143095577937462,3
2021-04-28,1,0.38886628,0.00376599054132821,-0.00376599054132821,3
2021-04-29,0,0.5533171,-0.0007279412418516312,-0.0007279412418516312,3
2021-04-30,0,0.62476075,-0.008224575158544535,-0.008224575158544535,3
2021-05-03,1,0.31997803,0.002782257454785237,-0.002782257454785237,3
2021-05-04,0,0.37337315,-0.003840141391094418,0.003840141391094418,3
2021-05-05,0,0.35876453,-0.000588627419968323,0.000588627419968323,3
2021-05-06,1,0.55742884,0.00503198317631046,0.00503198317631046,3
2021-05-07,1,0.60955584,0.008459516107695119,0.008459516107695119,3
2021-05-10,0,0.7803897,-0.002479800741129696,-0.002479800741129696,3
2021-05-11,1,0.51650846,0.00029383327808927054,0.00029383327808927054,3
2021-05-12,0,0.6281877,-0.005448904780959188,-0.005448904780959188,3
2021-05-13,0,0.31063715,-0.00010027954906675598,0.00010027954906675598,3
2021-05-14,1,0.29950753,0.0060326971844055525,-0.0060326971844055525,3
2021-05-17,1,0.5033235,0.0005347615740198004,0.0005347615740198004,3
2021-05-18,1,0.28876522,0.00550632825897061,-0.00550632825897061,3
2021-05-19,0,0.10475566,-0.004192610282990834,0.004192610282990834,3
2021-05-20,1,0.457899,0.00430631296814461,-0.00430631296814461,3
2021-05-21,0,0.4047975,-0.0034538002924195703,0.0034538002924195703,3
2021-05-24,1,0.60387045,0.002573974062547223,0.002573974062547223,3
2021-05-25,1,0.47094157,0.002817025025208322,-0.002817025025208322,3
2021-05-26,0,0.20452754,-0.004623097322663016,0.004623097322663016,3
2021-05-27,1,0.5455336,4.868920925875243e-05,4.868920925875243e-05,3
2021-05-28,0,0.48324642,-0.00025598707258409764,0.00025598707258409764,3
2021-05-31,1,0.40587544,0.003504687261543158,-0.003504687261543158,3
2021-06-01,0,0.492507,-0.0012347715654755192,0.0012347715654755192,3
2021-06-02,0,0.79691017,-0.0006473941004048983,-0.0006473941004048983,3
2021-06-03,0,0.38818938,-0.0063144302989845795,0.0063144302989845795,3
2021-06-04,1,0.77759784,0.0029137387666367726,0.0029137387666367726,3
2021-06-07,1,0.22198136,0.0020707212423165646,-0.0020707212423165646,3
2021-06-08,0,0.28972623,-0.001705667883123736,0.001705667883123736,3
2021-06-09,1,0.9192599,0.0007514316319798007,0.0007514316319798007,3
2021-06-10,0,0.24662222,-0.0007757186750589432,0.0007757186750589432,3
2021-06-11,0,0.5594593,-0.005135737081496744,-0.005135737081496744,3
2021-06-14,1,0.7984523,0.0009934254397854871,0.0009934254397854871,3
2021-06-15,1,0.3845249,0.00040016097426804237,-0.00040016097426804237,3
2021-06-16,0,0.4621175,-0.010903186645947914,0.010903186645947914,3
2021-06-17,0,0.47161433,-0.0068737695746302375,0.0068737695746302375,3
2021-06-18,0,0.2819524,-0.003342081870940971,0.003342081870940971,3
2021-06-21,1,0.42285186,0.0032705342094358175,-0.0032705342094358175,3
2021-06-22,1,0.48098123,0.002027168217937988,-0.002027168217937988,3
2021-06-23,0,0.5347467,-0.000298348979723717,-0.000298348979723717,3
2021-06-24,0,0.49642426,-0.00023858341510828802,0.00023858341510828802,3
2021-06-25,1,0.40894246,0.0009907275906234155,-0.0009907275906234155,3
2021-06-28,0,0.3899124,-0.0011100406473405179,0.0011100406473405179,3
2021-06-29,0,0.48471865,-0.0022639479292535175,0.0022639479292535175,3
2021-06-30,0,0.27007633,-0.0038013635275334565,0.0038013635275334565,3
2021-07-01,0,0.5518448,-0.0008888767430043352,-0.0008888767430043352,3
2021-07-02,1,0.33890942,0.0008414202119713201,-0.0008414202119713201,3
2021-07-05,1,0.82634735,0.0006404732242416305,0.0006404732242416305,3
2021-07-06,0,0.4647625,-0.0033164595271548305,0.0033164595271548305,3
2021-07-07,0,0.53908765,-0.002635657052069856,-0.002635657052069856,3
2021-07-08,1,0.39243037,0.004619447070696502,-0.004619447070696502,3
2021-07-09,1,0.6683391,0.0021040698794469346,0.0021040698794469346,3
2021-07-12,0,0.68370837,-0.0006528392208572587,-0.0006528392208572587,3
2021-07-13,0,0.43612704,-0.007600298375475396,0.007600298375475396,3
2021-07-14,1,0.24233763,0.004910529098378265,-0.004910529098378265,3
2021-07-15,0,0.39844584,-0.0018206213531582575,0.0018206213531582575,3
2021-07-16,1,0.24694625,0.00018548069676449624,-0.00018548069676449624,3
2021-07-19,0,0.70510495,-0.0017080651561058448,-0.0017080651561058448,3
2021-07-20,0,0.5988303,-0.0008252343591270102,-0.0008252343591270102,3
2021-07-21,1,0.43422294,0.0007308234638374334,-0.0007308234638374334,3
2021-07-22,0,0.7432257,-0.0016966692097778924,-0.0016966692097778924,3
2021-07-23,1,0.6208364,5.893086054979372e-05,5.893086054979372e-05,3
2021-07-26,1,0.4137315,0.0029122406895437866,-0.0029122406895437866,3
2021-07-27,1,0.8354681,0.0012997004508067118,0.0012997004508067118,3
2021-07-28,1,0.47322297,0.0019290801555133712,-0.0019290801555133712,3
2021-07-29,1,0.66077477,0.003963210978191592,0.003963210978191592,3
2021-07-30,0,0.38760608,-0.0021847985485022245,0.0021847985485022245,3
2021-08-02,1,0.55630153,0.0006409929936695579,0.0006409929936695579,3
2021-08-03,0,0.39404643,-0.0004392010828315455,0.0004392010828315455,3
2021-08-04,0,0.3967733,-0.0027026069039768293,0.0027026069039768293,3
2021-08-05,0,0.82317287,-0.00014200501231056276,-0.00014200501231056276,3
2021-08-06,0,0.28881454,-0.00731143358773178,0.00731143358773178,3
2021-08-09,0,0.45336574,-0.000939444477304895,0.000939444477304895,3
2021-08-10,0,0.40415838,-0.001290369832655863,0.001290369832655863,3
2021-08-11,1,0.513725,0.0015827021925636149,0.0015827021925636149,3
2021-08-12,0,0.18715496,-0.00048022563504941196,0.00048022563504941196,3
2021-08-13,1,0.2336757,0.0049650586518873285,-0.0049650586518873285,3
2021-08-16,0,0.56125885,-0.0012495051770467507,-0.0012495051770467507,3
2021-08-17,0,0.4981639,-0.00597801915977613,0.00597801915977613,3
2021-08-18,0,0.8902797,-0.0005501958639484956,-0.0005501958639484956,3
2021-08-19,0,0.77662235,-0.0022842612773609403,-0.0022842612773609403,3
2021-08-20,1,0.6802231,0.0017928718657227044,0.0017928718657227044,3
2021-08-23,1,0.51132464,0.004008621033643521,0.004008621033643521,3
2021-08-24,1,0.30845436,0.0007284170260269493,-0.0007284170260269493,3
2021-08-25,1,0.2800078,0.0018114856517439193,-0.0018114856517439193,3
2021-08-26,0,0.729926,-0.0015294540875914354,-0.0015294540875914354,3
2021-08-27,1,0.5763693,0.0036169593109244688,0.0036169593109244688,3
2021-08-30,0,0.5112997,-0.00017813762365744638,-0.00017813762365744638,3
2021-08-31,1,0.80000585,0.001133153638000808,0.001133153638000808,3
2021-09-01,1,0.5365355,0.002589813077556953,0.002589813077556953,3
2021-09-02,1,0.43690267,0.0030001647486994007,-0.0030001647486994007,3
2021-09-03,1,0.29145297,0.0007960521693053499,-0.0007960521693053499,3
2021-09-06,0,0.60862166,-0.0009148019282188896,-0.0009148019282188896,3
2021-09-07,0,0.43547866,-0.0026565305038642366,0.0026565305038642366,3
2021-09-08,0,0.53193873,-0.002068043422056589,-0.002068043422056589,3
2021-09-09,1,0.56058514,0.0005769633095645054,0.0005769633095645054,3
2021-09-10,0,0.34242687,-0.0011819121036025907,0.0011819121036025907,3
2021-09-13,0,0.72230124,0.0,0.0,3
2021-09-14,0,0.47299448,-0.0005904704860359962,0.0005904704860359962,3
2021-09-15,1,0.44995758,0.0012710625809982954,-0.0012710625809982954,3
2021-09-16,0,0.2289863,-0.004453323350837845,0.004453323350837845,3
2021-09-17,0,0.29756224,-0.0031955703633193186,0.0031955703633193186,3
2021-09-20,1,0.38223338,2.3374235536795343e-05,-2.3374235536795343e-05,3
2021-09-21,0,0.49619958,-0.0006215340073657035,0.0006215340073657035,3
2021-09-22,0,0.77804375,-0.003008212978931102,-0.003008212978931102,3
2021-09-23,1,0.5036872,0.004486492911866468,0.004486492911866468,3
2021-09-24,0,0.31966987,-0.0014664840661050697,0.0014664840661050697,3
2021-09-27,0,0.67126846,-0.002242493734973323,-0.002242493734973323,3
2021-09-28,0,0.33549032,-0.0008944087511727837,0.0008944087511727837,3
2021-09-29,0,0.53607106,-0.007277304997338633,-0.007277304997338633,3
2021-09-30,0,0.7014452,-0.0023408694678413076,-0.0023408694678413076,3
2021-10-01,1,0.60679096,0.0028282082737945743,0.0028282082737945743,3
2021-10-04,1,0.3096217,0.0009638080038769708,-0.0009638080038769708,3
2021-10-05,0,0.44026387,-0.0019267982057976168,0.0019267982057976168,3
2021-10-06,0,0.68611693,-0.0035190085597075326,-0.0035190085597075326,3
2021-10-07,1,0.45738265,0.0003814266910217661,-0.0003814266910217661,3
2021-10-08,1,0.49860248,0.0005434209268923678,-0.0005434209268923678,3
2021-10-11,0,0.33813578,-0.0010635092731745039,0.0010635092731745039,3
2021-10-12,0,0.8367473,-0.0017084358360839192,-0.0017084358360839192,3
2021-10-13,1,0.67072535,0.005667679663200196,0.005667679663200196,3
2021-10-14,0,0.54363775,-0.0006956887472967136,-0.0006956887472967136,3
2021-10-15,1,0.52717656,0.0004753248849683281,0.0004753248849683281,3
2021-10-18,1,0.542381,0.0014506924609902151,0.0014506924609902151,3
2021-10-19,1,0.44088492,0.0015574351739559725,-0.0015574351739559725,3
2021-10-20,1,0.57889974,0.0019794696195469387,0.0019794696195469387,3
2021-10-21,0,0.47542354,-0.0025492392462915913,0.0025492392462915913,3
2021-10-22,1,0.7194863,0.0012679558513760646,0.0012679558513760646,3
2021-10-25,0,0.7649071,-0.0024414242352122696,-0.0024414242352122696,3
2021-10-26,0,0.60455483,-0.0011605601944855107,-0.0011605601944855107,3
2021-10-27,1,0.6151549,0.00016238277643643726,0.00016238277643643726,3
2021-10-28,1,0.14659496,0.00717141021851891,-0.00717141021851891,3
2021-10-29,0,0.3450796,-0.01092280404050203,0.01092280404050203,3
2021-11-01,1,0.46565896,0.003705045477995642,-0.003705045477995642,3
2021-11-02,0,0.35922414,-0.0017384315163677048,0.0017384315163677048,3
2021-11-03,1,0.43500668,0.0031313349393210293,-0.0031313349393210293,3
2021-11-04,0,0.49003047,-0.005213485594809396,0.005213485594809396,3
2021-11-05,1,0.55344045,0.0011677502279925879,0.0011677502279925879,3
2021-11-08,1,0.36875692,0.0019571431965666247,-0.0019571431965666247,3
2021-11-09,1,0.26097432,0.00034775066237484683,-0.00034775066237484683,3
2021-11-10,0,0.4773875,-0.009497879778277242,0.009497879778277242,3
2021-11-11,0,0.40745467,-0.003062046147157758,0.003062046147157758,3
2021-11-12,0,0.51153094,-0.0008012042758382873,-0.0008012042758382873,3
2021-11-15,0,0.35830578,-0.006591516828806556,0.006591516828806556,3
2021-11-16,0,0.46599722,-0.003993008800771305,0.003993008800771305,3
2021-11-17,0,0.71013683,0.0,0.0,4
2021-11-18,1,0.5967523,0.0041634209432113425,0.0041634209432113425,4
2021-11-19,0,0.48758084,-0.008185652960956939,0.008185652960956939,4
2021-11-22,0,0.69198674,-0.0029835852011364673,-0.0029835852011364673,4
2021-11-23,1,0.3167533,0.00024735570464733033,-0.00024735570464733033,4
2021-11-24,0,0.4926997,-0.003737631248588486,0.003737631248588486,4
2021-11-25,1,0.5808256,0.0005939027964335268,0.0005939027964335268,4
2021-11-26,1,0.37606746,0.007425897335294688,-0.007425897335294688,4
2021-11-29,1,0.4738781,2.2589292359688217e-05,-2.2589292359688217e-05,4
2021-11-30,1,0.40337,0.00325785330087555,-0.00325785330087555,4
2021-12-01,0,0.6821856,-0.0009513667903634799,-0.0009513667903634799,4
2021-12-02,0,0.38877153,-0.0011765121921124223,0.0011765121921124223,4
2021-12-03,0,0.6479824,-0.0001244234477379464,-0.0001244234477379464,4
2021-12-06,0,0.35345176,-0.0016039171174726395,0.0016039171174726395,4
2021-12-07,0,0.18304686,-0.0009025026753297686,0.0009025026753297686,4
2021-12-08,1,0.15785217,0.0061079038765980585,-0.0061079038765980585,4
2021-12-09,0,0.44140124,-0.0046183295368528,0.0046183295368528,4
2021-12-10,1,0.34884414,0.0016389133221552789,-0.0016389133221552789,4
2021-12-13,0,0.3976159,-0.0023388985305647886,0.0023388985305647886,4
2021-12-14,0,0.53230155,-0.0021418552396564616,-0.0021418552396564616,4
2021-12-15,1,0.3972884,0.0026159220068292816,-0.0026159220068292816,4
2021-12-16,1,0.4368303,0.0038349515063402,-0.0038349515063402,4
2021-12-17,0,0.5830395,-0.008026219874793954,-0.008026219874793954,4
2021-12-20,1,0.5876839,0.0030177831235180014,0.0030177831235180014,4
2021-12-21,1,0.59349406,0.0008913322339791711,0.0008913322339791711,4
2021-12-22,1,0.5069789,0.0036525342506323407,0.0036525342506323407,4
2021-12-23,0,0.5378386,-0.00013596128702175948,-0.00013596128702175948,4
2021-12-24,0,0.5025835,-0.0002717675050997526,-0.0002717675050997526,4
2021-12-27,1,0.43198955,0.0005096876276717915,-0.0005096876276717915,4
2021-12-28,0,0.7750578,-0.0013473476208362394,-0.0013473476208362394,4
2021-12-29,1,0.30221707,0.004002085556977272,-0.004002085556977272,4
2021-12-30,0,0.5035167,-0.003096529393978052,-0.003096529393978052,4
2021-12-31,1,0.1909807,0.004267353279425674,-0.004267353279425674,4
2022-01-03,0,0.5799547,-0.0062811432323980785,-0.0062811432323980785,4
2022-01-04,0,0.46523905,-0.001648756778474241,0.001648756778474241,4
2022-01-05,1,0.48343903,0.0026438305657729066,-0.0026438305657729066,4
2022-01-06,0,0.26242423,-0.0014697139139755349,0.0014697139139755349,4
2022-01-07,1,0.39026693,0.005039876404767126,-0.005039876404767126,4
2022-01-10,0,0.7432268,-0.00207567089876734,-0.00207567089876734,4
2022-01-11,1,0.23546483,0.003177601119399733,-0.003177601119399733,4
2022-01-12,1,0.2716698,0.006591516828806482,-0.006591516828806482,4
2022-01-13,1,0.6678478,0.001350938248421149,0.001350938248421149,4
2022-01-14,0,0.18872672,-0.004059033506041391,0.004059033506041391,4
2022-01-17,0,0.43705827,-1.1387453022310162e-05,1.1387453022310162e-05,4
2022-01-18,0,0.32271135,-0.0071176043295396296,0.0071176043295396296,4
2022-01-19,1,0.36515626,0.0012130690311104274,-0.0012130690311104274,4
2022-01-20,0,0.34124297,-0.0026169374328443096,0.0026169374328443096,4
2022-01-21,1,0.5582448,0.002446780096805452,0.002446780096805452,4
2022-01-24,0,0.8139919,-0.001529983310857574,-0.001529983310857574,4
2022-01-25,0,0.7023529,-0.0017310860305209989,-0.0017310860305209989,4
2022-01-26,0,0.67477244,-0.005411465673910041,-0.005411465673910041,4
2022-01-27,0,0.7042137,-0.008620280849587833,-0.008620280849587833,4
2022-01-28,1,0.38785565,0.00047941591723723085,-0.00047941591723723085,4
2022-01-31,1,0.66532725,0.006904807091364752,0.006904807091364752,4
2022-02-01,1,0.29915416,0.003938049490606719,-0.003938049490606719,4
2022-02-02,1,0.43474913,0.0023026608419609075,-0.0023026608419609075,4
2022-02-03,1,0.535934,0.011947232126998369,0.011947232126998369,4
2022-02-04,1,0.47362226,0.0016939655604672347,-0.0016939655604672347,4
2022-02-07,0,0.34273925,-0.001064746932719005,0.001064746932719005,4
2022-02-08,0,0.30033836,-0.0018977167042882913,0.0018977167042882913,4
2022-02-09,1,0.34111586,2.2753465781710023e-05,-2.2753465781710023e-05,4
2022-02-10,0,0.30181965,-0.0005251315768386432,0.0005251315768386432,4
2022-02-11,0,0.55327785,-0.004430837226841851,-0.004430837226841851,4
2022-02-14,0,0.35161722,-0.005180328358145332,0.005180328358145332,4
2022-02-15,1,0.41156363,0.0044531689986751725,-0.0044531689986751725,4
2022-02-16,1,0.43141636,0.0016253575664351733,-0.0016253575664351733,4
2022-02-17,0,0.4238831,-0.000773175879513556,0.000773175879513556,4
2022-02-18,0,0.16906388,-0.0043439218417605854,0.0043439218417605854,4
2022-02-21,0,0.46980575,-0.0006675169193645805,0.0006675169193645805,4
2022-02-22,1,0.28785953,0.0017205181805229717,-0.0017205181805229717,4
2022-02-23,0,0.74895823,-0.002071050753779992,-0.002071050753779992,4
2022-02-24,0,0.17172335,-0.010224378977160433,0.010224378977160433,4
2022-02-25,0,0.48573756,-0.0008614158561598332,0.0008614158561598332,4
2022-02-28,1,0.60705644,0.003113275910922149,0.003113275910922149,4
2022-03-01,0,0.4152292,-0.0074420147912893815,0.0074420147912893815,4
2022-03-02,0,0.51545054,-0.0018353165879163118,-0.0018353165879163118,4
2022-03-03,0,0.61880535,-0.004103040528148159,-0.004103040528148159,4
2022-03-04,0,0.62731403,-0.017530288361510188,-0.017530288361510188,4
2022-03-07,0,0.21755502,-0.0008479603892523628,0.0008479603892523628,4
2022-03-08,1,0.7121247,0.0030252121150615412,0.0030252121150615412,4
2022-03-09,1,0.3610004,0.015983954438480188,-0.015983954438480188,4
2022-03-10,0,0.38189772,-0.005422450974016716,0.005422450974016716,4
2022-03-11,0,0.40605578,-0.007461665202687137,0.007461665202687137,4
2022-03-14,1,0.69170433,0.0010172042215486929,0.0010172042215486929,4
2022-03-15,1,0.28857562,0.002388587321219784,-0.002388587321219784,4
2022-03-16,1,0.60754067,0.004782947654196474,0.004782947654196474,4
2022-03-17,1,0.32005912,0.007012538465957428,-0.007012538465957428,4
2022-03-18,0,0.29296124,-0.00509277099290486,0.00509277099290486,4
2022-03-21,0,0.5428723,-0.002349456247391793,-0.002349456247391793,4
2022-03-22,1,0.7243202,0.001135375310259787,0.001135375310259787,4
2022-03-23,0,0.7348589,-0.002126461945392862,-0.002126461945392862,4
2022-03-24,1,0.6033336,0.0002972667240242951,0.0002972667240242951,4
2022-03-25,0,0.5258422,-0.0025180276167579654,-0.0025180276167579654,4
2022-03-28,1,0.40454227,0.0010877383591925164,-0.0010877383591925164,4
2022-03-29,1,0.39455134,0.008845097393777262,-0.008845097393777262,4
2022-03-30,1,0.2181839,0.006319893943473256,-0.006319893943473256,4
2022-03-31,0,0.24075207,-0.008048664804752047,0.008048664804752047,4
2022-04-01,0,0.6188071,-0.0022672778283933112,-0.0022672778283933112,4
2022-04-04,0,0.39601162,-0.006485770491401886,0.006485770491401886,4
2022-04-05,0,0.6670443,-0.006345887741704586,-0.006345887741704586,4
2022-04-06,0,0.2517415,-0.0007521699867265114,0.0007521699867265114,4
2022-04-07,0,0.8362554,-0.003068660384801401,-0.003068660384801401,4
2022-04-08,1,0.47390673,0.0018488313653010355,-0.0018488313653010355,4
2022-04-11,0,0.71520346,-0.0006420885703539645,-0.0006420885703539645,4
2022-04-12,0,0.6448498,-0.004774839201849918,-0.004774839201849918,4
2022-04-13,1,0.7265862,0.006484154387127226,0.006484154387127226,4
2022-04-14,0,0.64661556,-0.006960393910240724,-0.006960393910240724,4
2022-04-15,0,0.37439173,-0.0005300335180195361,0.0005300335180195361,4
2022-04-18,0,0.5184222,-0.0030992061418720638,-0.0030992061418720638,4
2022-04-19,1,0.43258765,0.0011758350863038487,-0.0011758350863038487,4
2022-04-20,1,0.6712339,0.0051189236431801914,0.0051189236431801914,4
2022-04-21,0,0.32394004,-0.0013553055318443394,0.0013553055318443394,4
2022-04-22,0,0.65943855,-0.00222952123962869,-0.00222952123962869,4
2022-04-25,0,0.5788211,-0.008997500540048975,-0.008997500540048975,4
2022-04-26,0,0.46119735,-0.0066102261513955,0.0066102261513955,4
2022-04-27,0,0.676856,-0.008352179109846734,-0.008352179109846734,4
2022-04-28,0,0.6015188,-0.004833072313007454,-0.004833072313007454,4
2022-04-29,1,0.5582938,0.003019304923759393,0.003019304923759393,4
2022-05-02,0,0.50298756,-0.0025570647412530415,-0.0025570647412530415,4
2022-05-03,1,0.646732,0.0018513560381257603,0.0018513560381257603,4
2022-05-04,1,0.38815957,0.008883347273825875,-0.008883347273825875,4
2022-05-05,0,0.5669423,-0.007819372198253615,-0.007819372198253615,4
2022-05-06,0,0.6543016,-0.0007164347743801674,-0.0007164347743801674,4
2022-05-09,1,0.7628743,0.003185736537216687,0.003185736537216687,4
2022-05-10,0,0.62183005,-0.0031120553998316533,-0.0031120553998316533,4
2022-05-11,0,0.4661356,-0.0019467323960849386,0.0019467323960849386,4
2022-05-12,0,0.47457287,-0.012722865261767163,0.012722865261767163,4
2022-05-13,1,0.41257983,0.0020260788046566882,-0.0020260788046566882,4
2022-05-16,1,0.5940185,0.003678174850093924,0.003678174850093924,4
2022-05-17,1,0.58126754,0.010377817305916337,0.010377817305916337,4
2022-05-18,0,0.6155302,-0.007146940759466621,-0.007146940759466621,4
2022-05-19,1,0.7933794,0.010094047194697555,0.010094047194697555,4
2022-05-20,0,0.5530402,-0.0008670358678779666,-0.0008670358678779666,4
2022-05-23,1,0.54961157,0.010561954262868534,0.010561954262868534,4
2022-05-24,1,0.378097,0.005086835283498354,-0.005086835283498354,4
2022-05-25,0,0.81738985,-0.00465950711675043,-0.00465950711675043,4
2022-05-26,1,0.3635765,0.004326801286931803,-0.004326801286931803,4
2022-05-27,0,0.4856103,-0.00013951174909253053,0.00013951174909253053,4
2022-05-30,1,0.5917015,0.003913817743833619,0.003913817743833619,4
2022-05-31,0,0.73173386,-0.0036670195931451026,-0.0036670195931451026,4
2022-06-01,0,0.3435211,-0.007475100550259082,0.007475100550259082,4
2022-06-02,1,0.54245424,0.009054299007338812,0.009054299007338812,4
2022-06-03,0,0.65446514,-0.002330222818458084,-0.002330222818458084,4
2022-06-06,0,0.4571955,-0.0032340634484176282,0.0032340634484176282,4
2022-06-07,1,0.36563984,0.0006737905923230617,-0.0006737905923230617,4
2022-06-08,1,0.6836041,0.0017775409484932394,0.0017775409484932394,4
2022-06-09,0,0.26876986,-0.00922813318281883,0.00922813318281883,4
2022-06-10,0,0.55068237,-0.01224298052450652,-0.01224298052450652,4
2022-06-13,0,0.5483343,-0.007159954992260149,-0.007159954992260149,4
2022-06-14,1,0.63434076,0.0024401181740229456,0.0024401181740229456,4
2022-06-15,1,0.28563577,0.0014941669127022307,-0.0014941669127022307,4
2022-06-16,1,0.679956,0.008632159944394863,0.008632159944394863,4
2022-06-17,0,0.300872,-0.005270130105696999,0.005270130105696999,4
2022-06-20,1,0.67104834,0.002794688034567393,0.002794688034567393,4
2022-06-21,1,0.3169413,0.001126331054716773,-0.001126331054716773,4
2022-06-22,1,0.6905514,0.002985212626758971,0.002985212626758971,4
2022-06-23,0,0.30584714,-0.004174658466384516,0.004174658466384516,4
2022-06-24,1,0.20438269,0.004364781705743179,-0.004364781705743179,4
2022-06-27,1,0.6499827,0.0013957625433815856,0.0013957625433815856,4
2022-06-28,0,0.39244917,-0.005434475183267472,0.005434475183267472,4
2022-06-29,0,0.41839522,-0.007339457036861056,0.007339457036861056,4
2022-06-30,1,0.4756637,0.0029713085188302992,-0.0029713085188302992,4
2022-07-01,0,0.5569586,-0.004182325010529268,-0.004182325010529268,4
2022-07-04,0,0.531876,-7.300929283569905e-05,-7.300929283569905e-05,4
2022-07-05,0,0.39831924,-0.016965678829353473,0.016965678829353473,4
2022-07-06,0,0.58798295,-0.006971445470808471,-0.006971445470808471,4
2022-07-07,0,0.4768153,-0.0016284792512087165,0.0016284792512087165,4
2022-07-08,0,0.76108706,-0.0003660231172386901,-0.0003660231172386901,4
2022-07-11,0,0.64178306,-0.011733736567112072,-0.011733736567112072,4
2022-07-12,0,0.42343366,-0.0014358094078833954,0.0014358094078833954,4
2022-07-13,0,0.3625102,-4.0160580542073956e-05,4.0160580542073956e-05,4
2022-07-14,0,0.24789959,-0.0007020012314786962,0.0007020012314786962,4
2022-07-15,1,0.6738922,0.00702249344752808,0.00702249344752808,4
2022-07-18,1,0.576687,0.004827628644534584,0.004827628644534584,4
2022-07-19,1,0.82370675,0.008456116811406341,0.008456116811406341,4
2022-07-20,0,0.94505876,-0.004756441789894104,-0.004756441789894104,4
2022-07-21,1,0.71346956,0.0037542692053991913,0.0037542692053991913,4
2022-07-22,0,0.37392053,-0.0020420728121366286,0.0020420728121366286,4
2022-07-25,1,0.68305546,0.002420351548135624,0.002420351548135624,4
2022-07-26,0,0.8727,-0.009373056494817926,-0.009373056494817926,4
2022-07-27,1,0.7942488,0.007840516682384753,0.007840516682384753,4
2022-07-28,0,0.8619196,-0.0016628379501900366,-0.0016628379501900366,4
2022-07-29,1,0.9205893,0.0015606629240480755,0.0015606629240480755,4
2022-08-01,1,0.8224089,0.005189064513554008,0.005189064513554008,4
2022-08-02,0,0.6919813,-0.010351198843136136,-0.010351198843136136,4
2022-08-03,1,0.77732927,0.00019283970848837684,0.00019283970848837684,4
2022-08-04,1,0.8439489,0.00883555172373451,0.00883555172373451,4
2022-08-05,0,0.71071434,-0.007534415937540125,-0.007534415937540125,4
2022-08-08,1,0.8764731,0.0026274810000368686,0.0026274810000368686,4
2022-08-09,1,0.5333667,0.001030518147346478,0.001030518147346478,4
2022-08-10,1,0.69437313,0.009034052397915944,0.009034052397915944,4
2022-08-11,1,0.43694094,0.0015463236906874298,-0.0015463236906874298,4
2022-08-12,0,0.40847924,-0.005863386210464329,0.005863386210464329,4
2022-08-15,0,0.4465802,-0.00924938057915025,0.00924938057915025,4
2022-08-16,1,0.43415868,0.0008539974026696639,-0.0008539974026696639,4
2022-08-17,1,0.5401613,0.0009361784420449659,0.0009361784420449659,4
2022-08-18,0,0.5159757,-0.008908664203253895,-0.008908664203253895,4
2022-08-19,0,0.51514184,-0.005433672462005448,-0.005433672462005448,4
2022-08-22,0,0.5626357,-0.009587811226055044,-0.009587811226055044,4
2022-08-23,1,0.51202613,0.0027571059008813115,0.0027571059008813115,4
2022-08-24,1,0.44897383,0.00021927184316001224,-0.00021927184316001224,4
2022-08-25,1,0.6230341,0.00021940310248669677,0.00021940310248669677,4
2022-08-26,0,0.54795337,-0.0032752411283479355,-0.0032752411283479355,4
2022-08-29,1,0.4646099,0.0075519840269269055,-0.0075519840269269055,4
2022-08-30,1,0.39058688,0.0011022011823750134,-0.0011022011823750134,4
2022-08-31,1,0.71624446,0.0013944510247493138,0.0013944510247493138,4
2022-09-01,0,0.4223445,-0.008676090547837427,0.008676090547837427,4
2022-09-02,0,0.74076366,-0.0043199709658942095,-0.0043199709658942095,4
2022-09-05,1,0.3584585,0.004310029151858244,-0.004310029151858244,4
2022-09-06,0,0.20991911,-0.005468817444529394,0.005468817444529394,4
2022-09-07,1,0.16335444,0.009827376612399016,-0.009827376612399016,4
2022-09-08,1,0.42964244,0.0016306906812627682,-0.0016306906812627682,4
2022-09-09,1,0.24060644,0.005914473623920646,-0.005914473623920646,4
2022-09-12,1,0.13948837,0.005757313715473667,-0.005757313715473667,4
2022-09-13,0,0.53274393,-0.014670914986609497,-0.014670914986609497,4
2022-09-14,1,0.5408299,0.00019959706297365223,0.00019959706297365223,4
2022-09-15,1,0.4156958,0.00042938969546703256,-0.00042938969546703256,4
2022-09-16,1,0.54687774,0.003401793701857639,0.003401793701857639,4
2022-09-19,1,0.7268946,0.0007219640016474552,0.0007219640016474552,4
2022-09-20,0,0.6521089,-0.005880143867171973,-0.005880143867171973,4
2022-09-21,0,0.60778314,-0.014147680973100527,-0.014147680973100527,4
2022-09-22,1,0.39265266,0.0011016046308961233,-0.0011016046308961233,4
2022-09-23,0,0.56174403,-0.015526806604905349,-0.015526806604905349,4
2022-09-26,0,0.65567875,-0.006856387846966306,-0.006856387846966306,4
2022-09-27,0,0.57034284,-0.002863768255198798,-0.002863768255198798,4
2022-09-28,1,0.71065325,0.011601697507510717,0.011601697507510717,4
2022-09-29,1,0.78931326,0.012425726247878358,0.012425726247878358,4
2022-09-30,0,0.49957168,-0.0037577051702841185,0.0037577051702841185,4
2022-10-03,1,0.31453612,0.004013323097089272,-0.004013323097089272,4
2022-10-04,1,0.5649863,0.015366962792935222,0.015366962792935222,4
2022-10-05,0,0.2063909,-0.0073711760409446,0.0073711760409446,4
2022-10-06,0,0.3403663,-0.012381194971008931,0.012381194971008931,4
2022-10-07,0,0.31543812,-0.005535011240227534,0.005535011240227534,4
2022-10-10,0,0.54351366,-0.0025667468761050396,-0.0025667468761050396,4
2022-10-11,0,0.6539973,-0.0010190096651594642,-0.0010190096651594642,4
2022-10-12,1,0.6402958,0.0008054917847734313,0.0008054917847734313,4
2022-10-13,1,0.5528999,0.004456053379512562,0.004456053379512562,4
2022-10-14,0,0.7693188,-0.0012278291632679555,-0.0012278291632679555,4
2022-10-17,1,0.59292114,0.010928647456163097,0.010928647456163097,4
2022-10-18,1,0.6868208,0.001773901881606993,0.001773901881606993,4
2022-10-19,0,0.7147581,-0.009923054996403871,-0.009923054996403871,4
2022-10-20,1,0.47869822,0.001270565200929725,-0.001270565200929725,4
2022-10-21,1,0.5546772,0.00826791765473566,0.00826791765473566,4
2022-10-24,1,0.75730795,0.002675640869900312,0.002675640869900312,4
2022-10-25,1,0.66712445,0.007781101042108333,0.007781101042108333,4
2022-10-26,1,0.5416437,0.012785248640600487,0.012785248640600487,4
2022-10-27,0,0.68409866,-0.012376571094321305,-0.012376571094321305,4
2022-10-28,0,0.22438389,-0.0012850891507327354,0.0012850891507327354,4
2022-10-31,0,0.5545091,-0.0069244643938310545,-0.0069244643938310545,4
2022-11-01,0,0.628849,-0.0008498484807726496,-0.0008498484807726496,4
2022-11-02,0,0.59607315,-0.0064492786516353135,-0.0064492786516353135,4
2022-11-03,0,0.6317637,-0.006622268577274553,-0.006622268577274553,4
2022-11-04,1,0.5792057,0.01821134690851107,0.01821134690851107,4
2022-11-07,1,0.30667767,0.00900614640617105,-0.00900614640617105,4
2022-11-08,1,0.36343798,0.006190521830417323,-0.006190521830417323,4
2022-11-09,0,0.50137496,-0.006100333328057607,-0.006100333328057607,4
2022-11-11,1,0.7921717,0.01328688092947409,0.01328688092947409,4
2022-11-14,0,0.6186926,-0.0008982339897683712,-0.0008982339897683712,4
2022-11-15,1,0.49081278,0.003732208964276908,-0.003732208964276908,4
2022-11-16,1,0.5792023,0.003579922982457949,0.003579922982457949,4
2022-11-17,0,0.496198,-0.0032068688117481065,0.0032068688117481065,4
2022-11-18,0,0.6582517,-0.0029797984214465644,-0.0029797984214465644,4
2022-11-21,0,0.8848006,-0.008282004908750605,-0.008282004908750605,4
2022-11-22,1,0.6335797,0.006362364906543442,0.006362364906543442,4
2022-11-23,1,0.798567,0.010145862095391856,0.010145862095391856,4
2022-11-24,0,0.7896616,-0.0007809388137343784,-0.0007809388137343784,4
2022-11-25,0,0.6890855,-0.00390593444818525,-0.00390593444818525,4
2022-11-28,0,0.67704964,-0.002123004481568896,-0.002123004481568896,4
2022-11-29,0,0.40682563,-0.0020359552381959117,0.0020359552381959117,4
2022-11-30,1,0.1885112,0.009721073718734909,-0.009721073718734909,4
2022-12-01,1,0.35825133,0.009837653378816175,-0.009837653378816175,4
2022-12-02,1,0.7017792,0.0014961831121075887,0.0014961831121075887,4
2022-12-05,0,0.7561478,-0.004492329102575546,-0.004492329102575546,4
2022-12-06,0,0.7202518,-0.002662687988950827,-0.002662687988950827,4
2022-12-07,1,0.39783436,0.004217558881531055,-0.004217558881531055,4
2022-12-08,1,0.72909707,0.004404086803714652,0.004404086803714652,4
2022-12-09,0,0.47913882,-0.0035522143897896534,0.0035522143897896534,4
2022-12-12,1,0.5380302,0.001853566131702255,0.001853566131702255,4
2022-12-13,1,0.59003437,0.00802275589918932,0.00802275589918932,4
2022-12-14,1,0.6535967,0.004665415530993445,0.004665415530993445,4
2022-12-15,0,0.30501068,-0.003357472785711803,0.003357472785711803,4
2022-12-16,0,0.7585176,-0.005232043416178128,-0.005232043416178128,4
2022-12-19,1,0.72283196,0.002787749794717641,0.002787749794717641,4
2022-12-20,1,0.44436613,0.0011683215286929897,-0.0011683215286929897,4
2022-12-21,0,0.45448098,-0.0015928200295245159,0.0015928200295245159,4
2022-12-22,0,0.22768071,-0.0006363550446384674,0.0006363550446384674,4
2022-12-23,1,0.6435615,0.00606216291441548,0.00606216291441548,4
2022-12-26,0,0.15620302,-0.0025889456317026356,0.0025889456317026356,4
2022-12-27,0,0.3870615,-0.0002871907082003092,0.0002871907082003092,4
2022-12-28,0,0.28507957,-0.0007444128462590291,0.0007444128462590291,4
2022-12-29,1,0.5347366,0.0029593483845724387,0.0029593483845724387,4
2022-12-30,1,0.41209453,0.004583966492703552,-0.004583966492703552,4
2023-01-02,0,0.30356443,-0.002994245842760573,0.002994245842760573,4
2023-01-03,0,0.67998135,-0.012331112219669753,-0.012331112219669753,4
2023-01-04,1,0.70952225,0.0056266257915620664,0.0056266257915620664,4
2023-01-05,0,0.55225796,-0.007965313943903736,-0.007965313943903736,4
2023-01-06,1,0.5945382,0.01266446764454612,0.01266446764454612,4
2023-01-09,1,0.77853525,0.007186750031592487,0.007186750031592487,4
2023-01-10,1,0.16972885,0.0005367494741383354,-0.0005367494741383354,4
2023-01-11,1,0.19085938,0.0025161245552818563,-0.0025161245552818563,4
2023-01-12,1,0.9203659,0.00871525666027755,0.00871525666027755,4
2023-01-13,0,0.63441145,-0.0032852201698865342,-0.0032852201698865342,4
2023-01-16,1,0.54748935,0.0005088817702902599,0.0005088817702902599,4
2023-01-17,0,0.5004016,-0.003405693577534443,-0.003405693577534443,4
2023-01-18,1,0.580703,0.00042104731419264534,0.00042104731419264534,4
2023-01-19,1,0.4957444,0.0033312026121230954,-0.0033312026121230954,4
2023-01-20,1,0.7391004,0.002875225962125885,0.002875225962125885,4
2023-01-23,1,0.86659664,0.0008477594599432104,0.0008477594599432104,4
2023-01-24,1,0.8329124,0.0012731397801450267,0.0012731397801450267,4
2023-01-25,1,0.4895454,0.0031079443693967086,-0.0031079443693967086,4
2023-01-26,0,0.18925388,-0.0025307945071393893,0.0025307945071393893,4
2023-01-27,0,0.33582738,-0.002111230865447573,0.002111230865447573,4
2023-01-30,0,0.46362868,-0.0019115507750811752,0.0019115507750811752,4
2023-01-31,1,0.29926485,0.0009444879359144774,-0.0009444879359144774,4
2023-02-01,1,0.53892505,0.013889426300071808,0.013889426300071808,4
2023-02-02,0,0.35957316,-0.009830096693875398,0.009830096693875398,4
2023-02-03,0,0.42747748,-0.010533224660065373,0.010533224660065373,4
2023-02-06,0,0.3643646,-0.005584813467052059,0.005584813467052059,4
2023-02-07,0,0.48099783,-9.654286024440955e-05,9.654286024440955e-05,4
2023-02-08,0,0.5008637,-0.0012975112698280708,-0.0012975112698280708,4
2023-02-09,1,0.4928843,0.0024677288529569175,-0.0024677288529569175,4
2023-02-10,0,0.29517433,-0.006029713504830647,0.006029713504830647,4
2023-02-13,1,0.56336904,0.004923821832562189,0.004923821832562189,4
2023-02-14,1,0.69196016,0.000493805176462593,0.000493805176462593,4
2023-02-15,0,0.66897595,-0.0041033356099456205,-0.0041033356099456205,4
2023-02-16,0,0.59381527,-0.0024348106615187685,-0.0024348106615187685,4
2023-02-17,1,0.55743235,0.0017506575018656283,0.0017506575018656283,4
2023-02-20,0,0.11323414,-0.00017083247061335562,0.00017083247061335562,4
2023-02-21,0,0.26886517,-0.0028695678084155025,0.0028695678084155025,4
2023-02-22,0,0.46914715,-0.004347163411922486,0.004347163411922486,4
2023-02-23,0,0.8494203,-0.0007315422531570732,-0.0007315422531570732,4
2023-02-24,0,0.79489213,-0.004093047633147317,-0.004093047633147317,4
2023-02-27,1,0.27636448,0.005333744882631879,-0.005333744882631879,4
2023-02-28,0,0.7934023,-0.003199469102332789,-0.003199469102332789,4
2023-03-01,1,0.75609833,0.008625932198623705,0.008625932198623705,4
2023-03-02,0,0.5176674,-0.006508235473883866,-0.006508235473883866,4
2023-03-03,1,0.71905106,0.00249404754925224,0.00249404754925224,4
2023-03-06,1,0.630619,0.005829571489454962,0.005829571489454962,4
2023-03-07,0,0.39417008,-0.01295549318169404,0.01295549318169404,4
2023-03-08,0,0.54950684,-0.00011604393253258556,-0.00011604393253258556,4
2023-03-09,1,0.3869308,0.0033286223856131797,-0.0033286223856131797,4
2023-03-10,1,0.5621748,0.00930472022571737,0.00930472022571737,4
2023-03-13,1,0.7403022,0.0038642763226350934,0.0038642763226350934,4
2023-03-14,1,0.61676395,0.00024672420948644856,0.00024672420948644856,4
2023-03-15,0,0.25377068,-0.013542768888188825,0.013542768888188825,4
2023-03-16,1,0.5559857,0.0029041044625179304,0.0029041044625179304,4
2023-03-17,1,0.28696865,0.006079118908904215,-0.006079118908904215,4
2023-03-20,1,0.51515543,0.003766032493777598,0.003766032493777598,4
2023-03-21,1,0.6672539,0.0051261462943097014,0.0051261462943097014,4
2023-03-22,1,0.6189538,0.008884978951823826,0.008884978951823826,4
2023-03-24,0,0.4853906,-0.0052627456329634136,0.0052627456329634136,4
2023-03-27,1,0.6002646,0.002676531691747025,0.002676531691747025,4
2023-03-28,1,0.33038592,0.0029980508706151767,-0.0029980508706151767,4
2023-03-29,1,0.4708101,0.00037945700938650024,-0.00037945700938650024,4
2023-03-30,1,0.34261557,0.00561102204353324,-0.00561102204353324,4
2023-03-31,0,0.38234898,-0.00933429102172971,0.00933429102172971,4
2023-04-03,1,0.48489174,0.010032490718915488,-0.010032490718915488,4
2023-04-04,1,0.42737097,0.0043744645083256635,-0.0043744645083256635,4
2023-04-05,0,0.495039,-0.005192595096162725,0.005192595096162725,4
2023-04-06,1,0.3197047,0.001538549661100185,-0.001538549661100185,4
2023-04-07,0,0.4853878,-0.0006003677951654333,0.0006003677951654333,4
2023-04-10,0,0.24725312,-0.004062541073859795,0.004062541073859795,4
2023-04-11,1,0.5892073,0.004422717649457876,0.004422717649457876,4
2023-04-12,1,0.6318769,0.007517639083118104,0.007517639083118104,4
2023-04-13,1,0.5905429,0.004962212603613521,0.004962212603613521,4
2023-04-14,0,0.79312634,-0.0061715209978287396,-0.0061715209978287396,4
2023-04-17,0,0.4889316,-0.005587493587279635,0.005587493587279635,4
2023-04-18,1,0.48455352,0.004566272411435851,-0.004566272411435851,4
2023-04-19,0,0.35910302,-0.002115996750198505,0.002115996750198505,4
2023-04-20,1,0.21786635,0.0017100195037914891,-0.0017100195037914891,4
2023-04-21,1,0.27398536,0.0019436539865792446,-0.0019436539865792446,4
2023-04-24,1,0.51976484,0.006097313856667734,0.006097313856667734,4
2023-04-25,0,0.6017803,-0.007360557750447326,-0.007360557750447326,4
2023-04-26,1,0.6789887,0.006255217206481515,0.006255217206481515,4
2023-04-27,0,0.2809316,-0.0013799111710280244,0.0013799111710280244,4
2023-04-28,0,0.5531786,-0.0019178010282847264,-0.0019178010282847264,4
2023-05-01,0,0.6620251,-0.0037915711025151917,-0.0037915711025151917,4
2023-05-02,1,0.6102963,0.0037915711025152355,0.0037915711025152355,4
2023-05-03,1,0.5930325,0.0052549776984911626,0.0052549776984911626,4
2023-05-04,0,0.32404998,-0.004164264686122795,0.004164264686122795,4
2023-05-05,0,0.36917427,-0.0003857253962110418,0.0003857253962110418,4
2023-05-08,0,0.53514814,-0.002047395993579254,-0.002047395993579254,4
2023-05-09,0,0.43979344,-0.002865913186300644,0.002865913186300644,4
2023-05-10,1,0.50484425,0.0017668981432014084,0.0017668981432014084,4
2023-05-11,0,0.39989576,-0.006568885442957101,0.006568885442957101,4
2023-05-12,0,0.43818012,-0.005462812705340129,0.005462812705340129,4
2023-05-15,1,0.4628166,0.0019335633003228461,-0.0019335633003228461,4
2023-05-16,0,0.41223785,-0.0007390751916854932,0.0007390751916854932,4
2023-05-17,0,0.28313193,-0.0025176532621469594,0.0025176532621469594,4
2023-05-18,0,0.62662727,-0.005824982238710198,-0.005824982238710198,4
2023-05-19,1,0.2675687,0.004384526476817772,-0.004384526476817772,4
2023-05-22,0,0.7262845,-0.0010816775529980448,-0.0010816775529980448,4
2023-05-23,0,0.8989042,-0.003830587378759216,-0.003830587378759216,4
2023-05-24,0,0.36822876,-0.0011517220146606885,0.0011517220146606885,4
2023-05-25,0,0.5931046,-0.0030611228585489007,-0.0030611228585489007,4
2023-05-26,0,0.301182,-0.00012872774100575668,0.00012872774100575668,4
2023-05-29,0,0.41453835,-0.0014359146269737272,0.0014359146269737272,4
2023-05-30,1,0.8282271,0.0023693153366323217,0.0023693153366323217,4
2023-05-31,0,0.8848707,-0.0035357396735581593,-0.0035357396735581593,4
2023-06-01,1,0.9132161,0.0061149472576090295,0.0061149472576090295,4
2023-06-02,0,0.92549366,-0.005793991984985513,-0.005793991984985513,4
2023-06-05,1,0.50032115,0.0012310444535194906,0.0012310444535194906,4
2023-06-06,0,0.4898463,-0.0012845298458358555,0.0012845298458358555,4
2023-06-07,1,0.07142406,0.0008775787233301165,-0.0008775787233301165,4
2023-06-08,1,0.6674813,0.007005755705541979,0.007005755705541979,4
2023-06-09,0,0.84481776,-0.002950108908663662,-0.002950108908663662,4
2023-06-12,1,0.5543696,0.001118733030584114,0.001118733030584114,4
2023-06-13,1,0.41636875,0.0024462092295930112,-0.0024462092295930112,4
2023-06-14,1,0.42490876,0.004964585042939019,-0.004964585042939019,4
2023-06-15,1,0.57037944,0.0094453390353827,0.0094453390353827,4
2023-06-16,0,0.48327553,-0.00035019805065028125,0.00035019805065028125,4
2023-06-19,0,0.64797086,-0.0016290790607261115,-0.0016290790607261115,4
2023-06-20,0,0.5351591,-0.0003603890756642699,-0.0003603890756642699,4
2023-06-21,1,0.44527426,0.0065958385047388485,-0.0065958385047388485,4
2023-06-22,0,0.48264948,-0.0030732684689762355,0.0030732684689762355,4
2023-06-23,0,0.42742923,-0.004777632503592381,0.004777632503592381,4
2023-06-26,1,0.55334,0.00034915070130469645,0.00034915070130469645,4
2023-06-27,1,0.7127826,0.004275092385421326,0.004275092385421326,4
2023-06-28,0,0.43548942,-0.0037840835446616475,0.0037840835446616475,4
2023-06-29,0,0.4663479,-0.004389391468142812,0.004389391468142812,4
2023-06-30,1,0.54564315,0.0036256293054996442,0.0036256293054996442,4
2023-07-03,1,0.54527324,0.0005127715237786305,0.0005127715237786305,4
2023-07-04,0,0.6333652,-0.002583028033271871,-0.002583028033271871,4
2023-07-05,0,0.37644714,-0.002609042610231512,0.002609042610231512,4
2023-07-06,1,0.6132649,0.0031316333957207934,0.0031316333957207934,4
2023-07-07,1,0.5619108,0.007235687276283276,0.007235687276283276,4
2023-07-10,1,0.57798046,0.0032964262291078506,0.0032964262291078506,4
2023-07-11,1,0.41119418,0.0007375598559580265,-0.0007375598559580265,4
2023-07-12,1,0.44353235,0.011777095963888725,-0.011777095963888725,4
2023-07-13,1,0.63548964,0.007056971456513566,0.007056971456513566,4
2023-07-14,1,0.53828454,0.00038176749039734993,0.00038176749039734993,4
2023-07-17,1,0.39204964,0.0008760804247069806,-0.0008760804247069806,4
2023-07-18,0,0.40535524,-0.0007750081239521136,0.0007750081239521136,4
2023-07-19,0,0.65281415,-0.0021089211406578354,-0.0021089211406578354,4
2023-07-20,0,0.34713122,-0.006099333142796828,0.006099333142796828,4
2023-07-21,0,0.33405164,-0.0010575594390251743,0.0010575594390251743,4
2023-07-24,0,0.41070762,-0.0056025324565005105,0.0056025324565005105,4
2023-07-25,0,0.5094933,-0.0011498495492447674,-0.0011498495492447674,4
2023-07-26,1,0.5268117,0.002522653382695378,0.002522653382695378,4
2023-07-27,0,0.47693557,-0.0090322881585568,0.0090322881585568,4
2023-07-28,1,0.68525004,0.004136542263487061,0.004136542263487061,4
2023-07-31,0,0.5075796,-0.002422420040456656,-0.002422420040456656,4
2023-08-01,1,0.69696975,0.000935235248612383,0.000935235248612383,4
2023-08-02,0,0.68487024,-0.005806247203498307,-0.005806247203498307,4
2023-08-03,1,0.618019,0.000678808663551108,0.000678808663551108,4
2023-08-04,1,0.6422945,0.004654296286017525,0.004654296286017525,4
2023-08-07,1,0.5303428,4.3987404008198875e-05,4.3987404008198875e-05,4
2023-08-08,0,0.67896485,-0.004030051842362894,-0.004030051842362894,5
2023-08-09,1,0.78482944,0.0017110349162026246,0.0017110349162026246,5
2023-08-10,1,0.72444767,0.0003623075742100826,0.0003623075742100826,5
2023-08-11,0,0.7184744,-0.0033984892951348677,-0.0033984892951348677,5
2023-08-14,0,0.57941294,-0.003157967124503774,-0.003157967124503774,5
2023-08-15,0,0.6488666,-0.0005235270892915599,-0.0005235270892915599,5
2023-08-16,0,0.6759924,-0.0026897159765402793,-0.0026897159765402793,5
2023-08-17,0,0.360155,-2.170477883410121e-05,2.170477883410121e-05,5
2023-08-18,1,0.5911646,8.703551240746353e-05,8.703551240746353e-05,5
2023-08-21,1,0.43256953,0.0020903019933335067,-0.0020903019933335067,5
2023-08-22,0,0.3440252,-0.004751376251991785,0.004751376251991785,5
2023-08-23,1,0.4105093,0.001758781883683745,-0.001758781883683745,5
2023-08-24,0,0.56847084,-0.006152814519424532,-0.006152814519424532,5
2023-08-25,0,0.5584621,-0.00016206242353233513,-0.00016206242353233513,5
2023-08-28,1,0.3988552,0.0026055993913910217,-0.0026055993913910217,5
2023-08-29,1,0.43140468,0.004024426701277785,-0.004024426701277785,5
2023-08-30,1,0.3387253,0.005810180468786455,-0.005810180468786455,5
2023-08-31,0,0.3605958,-0.008122741160144649,0.008122741160144649,5
2023-09-01,0,0.5484827,-0.006312829592228983,-0.006312829592228983,5
2023-09-04,1,0.31375435,0.0017254962677647017,-0.0017254962677647017,5
2023-09-05,0,0.21530035,-0.006348504572645787,0.006348504572645787,5
2023-09-06,0,0.509043,-0.00018239543948600666,-0.00018239543948600666,5
2023-09-07,0,0.39963084,-0.0024634271506725662,0.0024634271506725662,5
2023-09-08,1,0.59300303,0.0018952427901441611,0.0018952427901441611,5
2023-09-11,1,0.39702576,0.003005598219411332,-0.003005598219411332,5
2023-09-12,1,0.43895778,0.00026886842534049965,-0.00026886842534049965,5
2023-09-13,0,0.38171852,-0.0017727594378958128,0.0017727594378958128,5
2023-09-14,0,0.7420326,-0.009082696335297987,-0.009082696335297987,5
2023-09-15,1,0.6175483,0.002918822702197699,0.002918822702197699,5
2023-09-18,1,0.67495,0.0022856390003425054,0.0022856390003425054,5
2023-09-19,0,0.25170577,-0.0009939536517845262,0.0009939536517845262,5
2023-09-20,0,0.549034,-0.0027202094957808733,-0.0027202094957808733,5
2023-09-21,1,0.5870864,0.0007992186092448136,0.0007992186092448136,5
2023-09-22,0,0.3014778,-0.00122531937458651,0.00122531937458651,5
2023-09-25,0,0.25087905,-0.005352496698744066,0.005352496698744066,5
2023-09-26,0,0.4837812,-0.0020949525340855537,0.0020949525340855537,5
2023-09-27,0,0.5713205,-0.006090472631852323,-0.006090472631852323,5
2023-09-28,1,0.5341871,0.005424924814573403,0.005424924814573403,5
2023-09-29,1,0.5202203,0.00026406078697280267,0.00026406078697280267,5
2023-10-02,0,0.6014748,-0.008028972380780758,-0.008028972380780758,5
2023-10-03,0,0.453117,-0.0008067501641140518,0.0008067501641140518,5
2023-10-04,1,0.37492374,0.003314779770723716,-0.003314779770723716,5
2023-10-05,1,0.56539816,0.003758088703719646,0.003758088703719646,5
2023-10-06,1,0.59516406,0.0019741653150437614,0.0019741653150437614,5
2023-10-09,1,0.6713934,0.0010784244414369746,0.0010784244414369746,5
2023-10-10,1,0.3143113,0.0024468013261512104,-0.0024468013261512104,5
2023-10-11,1,0.7914536,0.0018362293444184133,0.0018362293444184133,5
2023-10-12,0,0.3495614,-0.008273875947999566,0.008273875947999566,5
2023-10-13,0,0.45930275,-0.001442402272883807,0.001442402272883807,5
2023-10-16,1,0.44780666,0.003108649372107452,-0.003108649372107452,5
2023-10-17,1,0.47477245,0.0017746511949465053,-0.0017746511949465053,5
2023-10-18,0,0.6660196,-0.0032722255890128117,-0.0032722255890128117,5
2023-10-19,1,0.47747427,0.004541865427760706,-0.004541865427760706,5
2023-10-20,1,0.45116732,0.000328189985652953,-0.000328189985652953,5
2023-10-23,1,0.7127456,0.007515330568956494,0.007515330568956494,5
2023-10-24,0,0.761938,-0.007006876982751212,-0.007006876982751212,5
2023-10-25,0,0.813671,-0.0026558561409556923,-0.0026558561409556923,5
2023-10-26,0,0.7747154,-0.000264123396465434,-0.000264123396465434,5
2023-10-27,0,0.6427965,-0.00019015336292734387,-0.00019015336292734387,5
2023-10-30,1,0.2360244,0.00496607740248526,-0.00496607740248526,5
2023-10-31,0,0.35387662,-0.0033910961552048305,0.0033910961552048305,5
2023-11-01,1,0.24727248,0.0007514310744385675,-0.0007514310744385675,5
2023-11-02,1,0.61561817,0.0030218690662464926,0.0030218690662464926,5
2023-11-03,1,0.37527233,0.010590070261934276,-0.010590070261934276,5
2023-11-06,0,0.41515094,-0.0009869601713545283,0.0009869601713545283,5
2023-11-07,0,0.45177633,-0.0023773226566195147,0.0023773226566195147,5
2023-11-08,1,0.5831542,0.001337967170313203,0.001337967170313203,5
2023-11-09,0,0.37932593,-0.004008444256324299,0.004008444256324299,5
2023-11-10,1,0.6907079,0.0021144041770807375,0.0021144041770807375,5
2023-11-13,1,0.31278867,0.0010910067705588759,-0.0010910067705588759,5
2023-11-14,1,0.244685,0.016357010041172345,-0.016357010041172345,5
2023-11-15,0,0.6216425,-0.002184097901422437,-0.002184097901422437,5
2023-11-16,0,0.41790855,-7.600105306852202e-05,7.600105306852202e-05,5
2023-11-17,1,0.56674933,0.004896069984269191,0.004896069984269191,5
2023-11-20,1,0.38729942,0.0035620486609204824,-0.0035620486609204824,5
2023-11-21,0,0.6112701,-0.002536177693585343,-0.002536177693585343,5
2023-11-22,0,0.66163945,-0.0025080369331155557,-0.0025080369331155557,5
2023-11-23,1,0.6251277,0.0014168049098633336,0.0014168049098633336,5
2023-11-24,1,0.73240125,0.0031240227376338517,0.0031240227376338517,5
2023-11-27,1,0.21012351,0.0016424521405810828,-0.0016424521405810828,5
2023-11-28,1,0.79094636,0.004327051344560341,0.004327051344560341,5
2023-11-29,0,0.16822822,-0.002934399365846547,0.002934399365846547,5
2023-11-30,0,0.51776993,-0.007467027019537532,-0.007467027019537532,5
2023-12-01,0,0.6259429,-0.00035937594202298576,-0.00035937594202298576,5
2023-12-04,0,0.24788637,-0.004638469420250361,0.004638469420250361,5
2023-12-05,0,0.16291097,-0.004077545141317587,0.004077545141317587,5
2023-12-06,0,0.6809095,-0.002500922451081591,-0.002500922451081591,5
2023-12-07,1,0.3420466,0.002360648944021793,-0.002360648944021793,5
2023-12-08,0,0.2955218,-0.0024467931186417952,0.0024467931186417952,5
2023-12-11,1,0.540615,7.529351741870235e-05,7.529351741870235e-05,5
2023-12-12,1,0.5543672,0.0029760816224084843,0.0029760816224084843,5
2023-12-13,1,0.5802397,0.00806654911765591,0.00806654911765591,5
2023-12-14,1,0.6478182,0.009823959841428425,0.009823959841428425,5
2023-12-15,0,0.2753603,-0.008985279259387994,0.008985279259387994,5
2023-12-18,1,0.16778813,0.002618234905509399,-0.002618234905509399,5
2023-12-19,1,0.40995616,0.005224244187125721,-0.005224244187125721,5
2023-12-20,0,0.3174127,-0.003223207515872975,0.003223207515872975,5
2023-12-21,1,0.3160006,0.005509994507837824,-0.005509994507837824,5
2023-12-22,1,0.42423066,0.0018507322966524104,-0.0018507322966524104,5
2023-12-25,0,0.4643865,-0.0005732601708578364,0.0005732601708578364,5
2023-12-26,1,0.5742299,0.002062891339460544,0.002062891339460544,5
2023-12-27,1,0.5963606,0.005925594861729413,0.005925594861729413,5
2023-12-28,0,0.580765,-0.003648070996618757,-0.003648070996618757,5
2023-12-29,0,0.4501442,-0.0011173031398486696,0.0011173031398486696,5
2024-01-01,0,0.29818147,-0.0015466483428338857,0.0015466483428338857,5
2024-01-02,0,0.3086086,-0.008825030908954975,0.008825030908954975,5
2024-01-03,0,0.43594834,-0.0012793338874625213,0.0012793338874625213,5
2024-01-04,1,0.44947532,0.0017937674187858852,-0.0017937674187858852,5
2024-01-05,0,0.66793525,-0.0004706370138586311,-0.0004706370138586311,5
2024-01-08,1,0.39197457,0.0008647516893451855,-0.0008647516893451855,5
2024-01-09,0,0.3101207,-0.001761655404589585,0.001761655404589585,5
2024-01-10,1,0.33257776,0.0038995772423958907,-0.0038995772423958907,5
2024-01-11,1,0.5012973,0.0005927674404054035,0.0005927674404054035,5
2024-01-12,0,0.45597446,-0.0032781369315876235,0.0032781369315876235,5
2024-01-15,0,0.6738396,0.0,0.0,5
2024-01-16,0,0.58506066,-0.006132515484610715,-0.006132515484610715,5
2024-01-17,1,0.5737112,0.0006419301064366271,0.0006419301064366271,5
2024-01-18,0,0.5745655,-0.0006093855084178445,-0.0006093855084178445,5
2024-01-19,1,0.40228227,0.001208331125892878,-0.001208331125892878,5
2024-01-22,0,0.5169548,-0.0011103749904406092,-0.0011103749904406092,5
2024-01-23,0,0.2819767,-0.002054265784688464,0.002054265784688464,5
2024-01-24,1,0.7645008,0.002195704525871863,0.002195704525871863,5
2024-01-25,0,0.39908987,-0.0031940891678824117,0.0031940891678824117,5
2024-01-26,0,0.66801405,-0.00032535760494948154,-0.00032535760494948154,5
2024-01-29,0,0.3661488,-0.0008346524768681695,0.0008346524768681695,5
2024-01-30,1,0.54966646,0.0008237687543271816,0.0008237687543271816,5
2024-01-31,0,0.5403618,-0.003647544052697876,-0.003647544052697876,5
2024-02-01,1,0.3520263,0.006525183225310071,-0.006525183225310071,5
2024-02-02,0,0.40909007,-0.008737607110913186,0.008737607110913186,5
2024-02-05,0,0.4271582,-0.0035510454839929734,0.0035510454839929734,5
2024-02-06,1,0.47635978,0.0014296890422369148,-0.0014296890422369148,5
2024-02-07,1,0.35786894,0.0017226241286986182,-0.0017226241286986182,5
2024-02-08,1,0.45208675,0.00014004449588271426,-0.00014004449588271426,5
2024-02-09,1,0.5026905,0.0019417861621720967,0.0019417861621720967,5
2024-02-12,0,0.7252163,-0.0024050255479935757,-0.0024050255479935757,5
2024-02-13,0,0.4733001,-0.005896552843757327,0.005896552843757327,5
2024-02-14,1,0.34622332,0.002165564317311469,-0.002165564317311469,5
2024-02-15,1,0.6291655,0.003881700407994871,0.003881700407994871,5
2024-02-16,1,0.54626566,0.0010241725388866125,0.0010241725388866125,5
2024-02-19,0,0.6070178,-0.0008841038873163796,-0.0008841038873163796,5
2024-02-20,1,0.40667135,0.0034974498351770826,-0.0034974498351770826,5
2024-02-21,1,0.66802233,0.0006706143712432586,0.0006706143712432586,5
2024-02-22,1,0.5603344,0.00048705682179849387,0.00048705682179849387,5
2024-02-23,0,0.5370358,-0.0005195577476647977,-0.0005195577476647977,5
2024-02-26,1,0.3295195,0.0028497835192925793,-0.0028497835192925793,5
2024-02-27,0,0.56680936,-0.0005640750300104818,-0.0005640750300104818,5
2024-02-28,0,0.6281763,-0.0005529550220347515,-0.0005529550220347515,5
2024-02-29,0,0.5920557,-0.0031275423260024677,-0.0031275423260024677,5
2024-03-01,1,0.3359145,0.0034852552521659795,-0.0034852552521659795,5
2024-03-04,1,0.5763032,0.0011500159935793875,0.0011500159935793875,5
2024-03-05,1,0.42030126,7.59911547539199e-05,-7.59911547539199e-05,5
2024-03-06,1,0.6117287,0.004002993860566666,0.004002993860566666,5
2024-03-07,1,0.54417825,0.004632161004990791,0.004632161004990791,5
2024-03-08,0,0.43393368,-0.0006567834304138422,0.0006567834304138422,5
2024-03-11,0,0.33186716,-0.0010609555545411638,0.0010609555545411638,5
2024-03-12,0,0.3656373,-0.00032786603029042014,0.00032786603029042014,5
2024-03-13,1,0.58819973,0.0025165550941543685,0.0025165550941543685,5
2024-03-14,0,0.5623666,-0.006584324557311425,-0.006584324557311425,5
2024-03-15,0,0.3482442,-7.623792150198477e-05,7.623792150198477e-05,5
2024-03-18,0,0.49717888,-0.000794052298820581,0.000794052298820581,5
2024-03-19,0,0.5873806,-0.0009782543487731165,-0.0009782543487731165,5
2024-03-20,1,0.5213866,0.006780030280211767,0.006780030280211767,5
2024-03-21,0,0.6927244,-0.0068669447570795595,-0.0068669447570795595,5
2024-03-22,0,0.54272676,-0.0050598547354209515,-0.0050598547354209515,5
2024-03-25,1,0.23227537,0.0028355898951227965,-0.0028355898951227965,5
2024-03-26,0,0.5627054,-0.000541735721696503,-0.000541735721696503,5
2024-03-27,0,0.6501196,-0.0017533000294245103,-0.0017533000294245103,5
2024-03-28,0,0.32884017,-0.0017503055199580492,0.0017503055199580492,5
2024-03-29,0,0.676418,-0.00016180108386803512,-0.00016180108386803512,5
2024-04-01,0,0.7640219,-0.005156421839743476,-0.005156421839743476,5
2024-04-02,1,0.4763456,0.002914025833319365,-0.002914025833319365,5
2024-04-03,1,0.57654876,0.006460427276889821,0.006460427276889821,5
2024-04-04,0,0.46255627,-0.00011923458450640673,0.00011923458450640673,5
2024-04-05,0,0.46964088,-0.0006067326380173935,0.0006067326380173935,5
2024-04-08,1,0.2926154,0.003058958337697158,-0.003058958337697158,5
2024-04-09,0,0.44840658,-0.0004019198697015849,0.0004019198697015849,5
2024-04-10,0,0.6786647,-0.010886717095524747,-0.010886717095524747,5
2024-04-11,0,0.52345866,-0.0013847416017447754,-0.0013847416017447754,5
2024-04-12,0,0.5875198,-0.007225148247919505,-0.007225148247919505,5
2024-04-15,0,0.6652884,-0.0022446258334513653,-0.0022446258334513653,5
2024-04-16,0,0.2669439,-0.000403625498250325,0.000403625498250325,5
2024-04-17,1,0.65644085,0.004503013980535367,0.004503013980535367,5
2024-04-18,0,0.53060466,-0.002365888034312739,-0.002365888034312739,5
2024-04-19,1,0.5869685,0.0013207774304029281,0.0013207774304029281,5
2024-04-22,0,0.6141804,-0.00039422626838334047,-0.00039422626838334047,5
2024-04-23,1,0.45917398,0.004709463664304997,-0.004709463664304997,5
2024-04-24,0,0.490904,-0.0004173729458229782,0.0004173729458229782,5
2024-04-25,1,0.18525258,0.002775201791036396,-0.002775201791036396,5
2024-04-26,0,0.33736193,-0.002122318925900117,0.002122318925900117,5
2024-04-29,1,0.32432866,0.0008247938079739085,-0.0008247938079739085,5
2024-04-30,0,0.1595472,-0.004597165828774006,0.004597165828774006,5
2024-05-01,1,0.67318994,0.005143796890728481,0.005143796890728481,5
2024-05-02,1,0.43867284,0.0010728188714235368,-0.0010728188714235368,5
2024-05-03,1,0.38651627,0.0023316917706926814,-0.0023316917706926814,5
2024-05-06,1,0.4272447,0.0008717944924890549,-0.0008717944924890549,5
2024-05-07,0,0.38907623,-0.0015815538797213848,0.0015815538797213848,5
2024-05-08,0,0.367088,-0.0003331609149222311,0.0003331609149222311,5
2024-05-09,1,0.23382397,0.003552685995199825,-0.003552685995199825,5
2024-05-10,0,0.22918917,-0.0013687557229370368,0.0013687557229370368,5
2024-05-13,1,0.37904915,0.0021457068323342014,-0.0021457068323342014,5
2024-05-14,1,0.4722766,0.0019447012704893634,-0.0019447012704893634,5
2024-05-15,1,0.38247594,0.006934418446712236,-0.006934418446712236,5
2024-05-16,0,0.531134,-0.0020233852741519107,-0.0020233852741519107,5
2024-05-17,1,0.45221803,0.0007065954020106566,-0.0007065954020106566,5
2024-05-20,0,0.59672844,-0.0013476122728719713,-0.0013476122728719713,5
2024-05-21,0,0.5720452,-0.0005211701182829347,-0.0005211701182829347,5
2024-05-22,0,0.16798031,-0.0027643117547025264,0.0027643117547025264,5
2024-05-23,0,0.3627301,-0.00115750095218525,0.00115750095218525,5
2024-05-24,1,0.2467918,0.003227302320858273,-0.003227302320858273,5
2024-05-27,1,0.24191372,0.0013134725606132052,-0.0013134725606132052,5
2024-05-28,0,0.39169386,-0.0009228747019577188,0.0009228747019577188,5
2024-05-29,0,0.43106192,-0.004622998667696261,0.004622998667696261,5
2024-05-30,1,0.75599104,0.003104909521282527,0.003104909521282527,5
2024-05-31,1,0.22792087,0.0016266164009212727,-0.0016266164009212727,5
2024-06-03,1,0.47450587,0.004993990868639649,-0.004993990868639649,5
2024-06-04,0,0.3826401,-0.0023423607924120534,0.0023423607924120534,5
2024-06-05,0,0.49198067,-0.0006743892561967788,0.0006743892561967788,5
2024-06-06,1,0.36451977,0.0018284745320394033,-0.0018284745320394033,5
2024-06-07,0,0.4410161,-0.01066294302103243,0.01066294302103243,5
2024-06-10,0,0.5385694,-0.0013572604550408907,-0.0013572604550408907,5
2024-06-11,0,0.50816286,-0.002225800503826526,-0.002225800503826526,5
2024-06-12,1,0.3869459,0.006757078068328593,-0.006757078068328593,5
2024-06-13,0,0.30298045,-0.006896604999001071,0.006896604999001071,5
2024-06-14,0,0.45241997,-0.0034198826115549425,0.0034198826115549425,5
2024-06-17,1,0.33972776,0.0035917077512609224,-0.0035917077512609224,5
2024-06-18,1,0.23557058,0.0001503782682153156,-0.0001503782682153156,5
2024-06-19,1,0.4247758,0.0008597736998856827,-0.0008597736998856827,5
2024-06-20,0,0.6891712,-0.0042057311718622144,-0.0042057311718622144,5
2024-06-21,0,0.37133577,-0.001743605181274369,0.001743605181274369,5
2024-06-24,1,0.50878674,0.004198394017140161,0.004198394017140161,5
2024-06-25,0,0.56810904,-0.002154984774998893,-0.002154984774998893,5
2024-06-26,0,0.5753718,-0.0027592942995265965,-0.0027592942995265965,5
2024-06-27,1,0.51150715,0.0026522078836921812,0.0026522078836921812,5
2024-06-28,1,0.26586846,0.002498179976998341,-0.002498179976998341,5
2024-07-01,1,0.72430956,0.00017177131184862907,0.00017177131184862907,5
2024-07-02,1,0.38889956,0.001052856180220774,-0.001052856180220774,5
2024-07-03,1,0.32338136,0.0041682348697401434,-0.0041682348697401434,5
2024-07-04,1,0.63909,0.0016094691090687886,0.0016094691090687886,5
2024-07-05,1,0.5782283,0.0014172852076074353,0.0014172852076074353,5
2024-07-08,1,0.442802,0.0004547759228130968,-0.0004547759228130968,5
2024-07-09,0,0.3306868,-0.0014935765778125393,0.0014935765778125393,5
2024-07-10,1,0.33816862,0.0017101581900879357,-0.0017101581900879357,5
2024-07-11,1,0.2632051,0.003635807059775768,-0.003635807059775768,5
2024-07-12,1,0.44506282,0.0011749830043506,-0.0011749830043506,5
2024-07-15,1,0.47054136,0.0014706445837827978,-0.0014706445837827978,5
2024-07-16,1,0.71628636,8.714869009948449e-05,8.714869009948449e-05,5
2024-07-17,1,0.7669014,0.003451186130679682,0.003451186130679682,5
2024-07-18,0,0.73421556,-0.0035383348207792247,-0.0035383348207792247,5
2024-07-19,0,0.4603352,-0.00021806902047437983,0.00021806902047437983,5
2024-07-22,0,0.35820377,-0.0008607103043199634,0.0008607103043199634,5
2024-07-23,0,0.4598357,-0.003598023824621103,0.003598023824621103,5
2024-07-24,0,0.41762635,-0.001030279115602503,0.001030279115602503,5
2024-07-25,1,0.35146758,0.0010845501051682765,-0.0010845501051682765,5
2024-07-26,1,0.7189021,0.0002279279649853626,0.0002279279649853626,5
2024-07-29,0,0.3947184,-0.0031643268838695902,0.0031643268838695902,5
2024-07-30,0,0.6732655,-0.000313732752850657,-0.000313732752850657,5
2024-07-31,1,0.47831303,0.0007249515519942542,-0.0007249515519942542,5
2024-08-01,0,0.7422232,-0.003360575274130169,-0.003360575274130169,5
2024-08-02,1,0.17539343,0.011358892636365312,-0.011358892636365312,5
2024-08-05,1,0.43377858,0.0036727188635252233,-0.0036727188635252233,5
2024-08-06,0,0.5514064,-0.002264177736969658,-0.002264177736969658,5
2024-08-07,1,0.5181233,0.00017476919764680034,0.00017476919764680034,5
2024-08-08,0,0.5516159,-0.0011357816835573652,-0.0011357816835573652,5
2024-08-09,0,0.35434657,-0.0001747493716200307,0.0001747493716200307,5
2024-08-12,1,0.48103666,0.0020538861067455733,-0.0020538861067455733,5
2024-08-13,1,0.49332044,0.0055381610934357155,-0.0055381610934357155,5
2024-08-14,1,0.56905556,0.0014746939005726885,0.0014746939005726885,5
2024-08-15,0,0.28863806,-0.0036826722529141836,0.0036826722529141836,5
2024-08-16,1,0.572473,0.0047515321311987135,0.0047515321311987135,5
2024-08-19,1,0.5863964,0.005561019879638232,0.005561019879638232,5
2024-08-20,1,0.3877587,0.0037320558476400963,-0.0037320558476400963,5
2024-08-21,1,0.5294687,0.0024622620655040902,0.0024622620655040902,5
2024-08-22,0,0.38095784,-0.0034299728738610585,0.0034299728738610585,5
2024-08-23,1,0.30698407,0.006345743377981108,-0.006345743377981108,5
2024-08-26,0,0.5072564,-0.00207885092799286,-0.00207885092799286,5
2024-08-27,1,0.6846403,0.0011842694816812614,0.0011842694816812614,5
2024-08-28,0,0.57912713,-0.004750552482151741,-0.004750552482151741,5
2024-08-29,0,0.6096998,-0.004008112199441631,-0.004008112199441631,5
2024-08-30,0,0.29364306,-0.0032191761828710523,0.0032191761828710523,5
2024-09-02,1,0.68179137,0.0020453785580929677,0.0020453785580929677,5
2024-09-03,0,0.74239314,-0.0016808504021881394,-0.0016808504021881394,5
2024-09-04,1,0.46510383,0.002854648026966245,-0.002854648026966245,5
2024-09-05,1,0.2020271,0.00276294806597193,-0.00276294806597193,5
2024-09-06,0,0.4749353,-0.002153233494915558,0.002153233494915558,5
2024-09-09,0,0.33739856,-0.004491381464581687,0.004491381464581687,5
2024-09-10,0,0.32179892,-0.001499998659979876,0.001499998659979876,5
2024-09-11,0,0.6644811,-0.0009143102407975252,-0.0009143102407975252,5
2024-09-12,1,0.2814933,0.006063349541865301,-0.006063349541865301,5
2024-09-13,1,0.4744784,0.0009531874092985786,-0.0009531874092985786,5
2024-09-16,1,0.4416477,0.003699262354885196,-0.003699262354885196,5
2024-09-17,0,0.49030164,-0.000578565328448507,0.000578565328448507,5
2024-09-18,0,0.35382167,-0.0007449134913267066,0.0007449134913267066,5
2024-09-19,1,0.4966026,0.004232548367000081,-0.004232548367000081,5
2024-09-20,0,0.37523332,-0.00010050347335537372,0.00010050347335537372,5
2024-09-23,0,0.7710016,-0.004409974978158182,-0.004409974978158182,5
2024-09-24,1,0.42198235,0.007125781740235711,-0.007125781740235711,5
2024-09-25,0,0.69157714,-0.005390814663425928,-0.005390814663425928,5
2024-09-26,1,0.46954215,0.004138093124158308,-0.004138093124158308,5
2024-09-27,0,0.28256536,-0.0006591266714528767,0.0006591266714528767,5
2024-09-30,0,0.2426519,-0.0029778807029176247,0.0029778807029176247,5
2024-10-01,0,0.55186427,-0.006549189271602771,-0.006549189271602771,5
2024-10-02,0,0.33482254,-0.0013930498135306555,0.0013930498135306555,5
2024-10-03,0,0.4263056,-0.0011704967526167996,0.0011704967526167996,5
2024-10-04,0,0.5474283,-0.005546439110082104,-0.005546439110082104,5
2024-10-07,1,0.4068451,0.00010970371752365722,-0.00010970371752365722,5
2024-10-08,0,0.45304614,0.0,-0.0,5
2024-10-09,0,0.27752092,-0.0029590431965937944,0.0029590431965937944,5
2024-10-10,0,0.3628622,-0.00086421555971023,0.00086421555971023,5
2024-10-11,0,0.2513022,-0.0007759235067422933,0.0007759235067422933,5
2024-10-14,0,0.43934232,-0.001484810288522294,0.001484810288522294,5
2024-10-15,0,0.36640385,-0.002299151620178001,0.002299151620178001,5
2024-10-16,0,0.43946278,-0.001989764157045954,0.001989764157045954,5
2024-10-17,0,0.45392793,-0.003036945137003784,0.003036945137003784,5
2024-10-18,1,0.40377936,0.0036018577389630843,-0.0036018577389630843,5
2024-10-21,0,0.35298583,-0.004684178358743221,0.004684178358743221,5
2024-10-22,0,0.5080325,-0.0019021563077478245,-0.0019021563077478245,5
2024-10-23,0,0.38374373,-0.0015536373352375663,0.0015536373352375663,5
2024-10-24,1,0.50326854,0.004040108121261029,0.004040108121261029,5
2024-10-25,0,0.55968446,-0.0025512817216714694,-0.0025512817216714694,5
2024-10-28,1,0.80011415,0.0018695482944515605,0.0018695482944515605,5
2024-10-29,1,0.46136805,0.0003570095333019306,-0.0003570095333019306,5
2024-10-30,1,0.5458224,0.0035555281178905286,0.0035555281178905286,5
2024-10-31,1,0.30978516,0.0024788833789448966,-0.0024788833789448966,5
2024-11-01,0,0.5389463,-0.0010661677399955972,-0.0010661677399955972,5
2024-11-04,0,0.51817954,-4.3521069384201406e-05,-4.3521069384201406e-05,5
2024-11-05,1,0.4517916,0.005539332429711126,-0.005539332429711126,5
2024-11-06,0,0.25779882,-0.01858962293453205,0.01858962293453205,5
2024-11-07,1,0.42928994,0.005769485943921089,-0.005769485943921089,5
2024-11-08,0,0.61387575,-0.0074639193703969955,-0.0074639193703969955,5
2024-11-11,0,0.40846944,-0.004724823568674232,0.004724823568674232,5
2024-11-12,0,0.35464832,-0.004479643966715406,0.004479643966715406,5
2024-11-13,0,0.46133748,-0.004966864548694718,0.004966864548694718,5
2024-11-14,0,0.38501814,-0.003227449035962479,0.003227449035962479,5
2024-11-15,1,0.6644636,0.00034760225258057047,0.00034760225258057047,5
2024-11-18,1,0.44723624,0.005789229842806905,-0.005789229842806905,5
2024-11-19,1,0.5492604,0.0011979117760981743,0.0011979117760981743,5
2024-11-20,0,0.5507376,-0.005806694288349814,-0.005806694288349814,5
2024-11-21,0,0.49322435,-0.0073132804671590685,0.0073132804671590685,5
2024-11-22,1,0.5923002,0.0010054927377039545,0.0010054927377039545,5
2024-11-25,0,0.51841855,-0.0034002086829324754,-0.0034002086829324754,5
2024-11-26,1,0.3753361,0.00448025683300722,-0.00448025683300722,5
2024-11-27,1,0.4837647,0.006768694192798784,-0.006768694192798784,5
2024-11-28,1,0.5215676,5.281773593727609e-05,5.281773593727609e-05,5
2024-11-29,0,0.64754605,-0.0016992399754420314,-0.0016992399754420314,5
2024-12-02,0,0.4689508,-0.004167117568172117,0.004167117568172117,5
2024-12-03,1,0.48221952,0.0009139811661724639,-0.0009139811661724639,5
2024-12-04,1,0.4212289,0.0003153593821823031,-0.0003153593821823031,5
2024-12-05,1,0.60895354,0.006773005972460674,0.006773005972460674,5
2024-12-06,0,0.45579955,-0.0019036466409963375,0.0019036466409963375,5
2024-12-09,0,0.56507635,-0.0009714799294295593,-0.0009714799294295593,5
2024-12-10,0,0.38876447,-0.0021088709645177175,0.0021088709645177175,5
2024-12-11,0,0.29801753,-0.002482680792263937,0.002482680792263937,5
2024-12-12,0,0.54133433,-0.0031261282522741423,-0.0031261282522741423,5
2024-12-13,1,0.3667578,0.003430831714411384,-0.003430831714411384,5
2024-12-16,1,0.5195982,0.0006939144774902469,0.0006939144774902469,5
2024-12-17,0,0.48400286,-0.0021222625439105583,0.0021222625439105583,5
2024-12-18,0,0.54171467,-0.013892921674058333,-0.013892921674058333,5
2024-12-19,1,0.757691,0.0014189884036627928,0.0014189884036627928,5
2024-12-20,1,0.47130275,0.006551310157174737,-0.006551310157174737,5
2024-12-23,0,0.46194464,-0.002615307224549931,0.002615307224549931,5
2024-12-24,0,0.5847461,-0.000312110508902009,-0.000312110508902009,5
2024-12-25,0,0.41543114,-0.0002911159457427181,0.0002911159457427181,5
2024-12-26,1,0.27690354,0.0022696037204858978,-0.0022696037204858978,5
2024-12-27,1,0.375943,0.0005943154668251187,-0.0005943154668251187,5
2024-12-30,0,0.41239452,-0.002229418304886993,0.002229418304886993,5
2024-12-31,0,0.268374,-0.005230906422146218,0.005230906422146218,5
2025-01-02,0,0.33668068,-0.008113997132924225,0.008113997132924225,5
2025-01-03,1,0.6765418,0.003610662579582495,0.003610662579582495,5
2025-01-06,1,0.34021252,0.007831709997193506,-0.007831709997193506,5
2025-01-07,0,0.4504087,-0.003939010992033952,0.003939010992033952,5
2025-01-08,0,0.4790241,-0.0029853923848209975,0.0029853923848209975,5
2025-01-09,0,0.31268704,-0.0016592591806951788,0.0016592591806951788,5
2025-01-10,0,0.41898695,-0.00517668789558367,0.00517668789558367,5
2025-01-13,1,0.56822044,0.0020304839862355754,0.0020304839862355754,5
2025-01-14,1,0.4487313,0.004042511093745486,-0.004042511093745486,5
2025-01-15,0,0.5182389,-0.0011228832625102638,-0.0011228832625102638,5
2025-01-16,1,0.4609608,0.0006487944949134601,-0.0006487944949134601,5
2025-01-17,0,0.43591478,-0.0023871600836967814,0.0023871600836967814,5
2025-01-20,1,0.65210176,0.013846491055079109,0.013846491055079109,5
2025-01-21,0,0.35029253,-0.0014162053621803994,0.0014162053621803994,5
2025-01-22,1,0.31782395,0.00040591449116566636,-0.00040591449116566636,5
2025-01-23,1,0.51487684,0.0005623270136915117,0.0005623270136915117,5
2025-01-24,1,0.57789457,0.004938921534779492,0.004938921534779492,5
2025-01-27,0,0.53536075,-0.002153932561904579,-0.002153932561904579,5
2025-01-28,0,0.61683315,-0.001534281748592857,-0.001534281748592857,5
2025-01-29,0,0.37146196,-0.0003649282085415779,0.0003649282085415779,5
2025-01-30,0,0.7131366,-0.0026861791364861222,-0.0026861791364861222,5
2025-01-31,0,0.43334448,-0.01448189426502745,0.01448189426502745,5
2025-02-03,1,0.50616235,0.007736208334642574,0.007736208334642574,5
2025-02-04,1,0.4738643,0.004388368698745603,-0.004388368698745603,5
2025-02-05,1,0.3989633,0.0027005333349387236,-0.0027005333349387236,5
2025-02-06,0,0.6476562,-0.0014550635639053737,-0.0014550635639053737,5
2025-02-07,0,0.38151824,-0.0071612243912707796,0.0071612243912707796,5
2025-02-10,0,0.51156366,-0.0009790906251212763,-0.0009790906251212763,5
2025-02-11,1,0.4875299,0.006137893242324767,-0.006137893242324767,5
2025-02-12,1,0.70615953,0.0026050744738818675,0.0026050744738818675,5
2025-02-13,1,0.7384515,0.0066834911027321,0.0066834911027321,5
2025-02-14,1,0.5056144,0.002629322305061365,0.002629322305061365,5
2025-02-17,0,0.33298847,-0.0003670411630294712,0.0003670411630294712,5
2025-02-18,0,0.4912404,-0.0035378371130214345,0.0035378371130214345,5
2025-02-19,0,0.46598864,-0.002619032156404236,0.002619032156404236,5
2025-02-20,1,0.61183584,0.007604926965780966,0.007604926965780966,5
2025-02-21,0,0.33436024,-0.002454161343461908,0.002454161343461908,5
2025-02-24,0,0.4668334,-0.0012876277983211192,0.0012876277983211192,5
2025-02-25,1,0.49469352,0.0059808628323626345,-0.0059808628323626345,5
2025-02-26,0,0.36006984,-0.0033620277203350937,0.0033620277203350937,5
2025-02-27,0,0.20754603,-0.008969571024957386,0.008969571024957386,5
2025-02-28,1,0.5578945,0.0018000872765831179,0.0018000872765831179,5
2025-03-03,1,0.3123269,0.006812887153838506,-0.006812887153838506,5
2025-03-04,1,0.593731,0.013448043458163524,0.013448043458163524,5
2025-03-05,1,0.33234006,0.01568010434631488,-0.01568010434631488,5
2025-03-06,0,0.46529582,-0.000647444013491739,0.000647444013491739,5
2025-03-07,1,0.5936003,0.00671099553549719,0.00671099553549719,5
2025-03-10,0,0.83664626,-0.001952945686590632,-0.001952945686590632,5
2025-03-11,1,0.7643763,0.006874012208263975,0.006874012208263975,5
2025-03-12,0,0.6326718,-0.002561529979828587,-0.002561529979828587,5
2025-03-13,0,0.83243936,-0.0028155966319873735,-0.0028155966319873735,5
2025-03-14,1,0.71241444,0.002358530074516342,0.002358530074516342,5
2025-03-17,1,0.63474643,0.0034771243239103676,0.0034771243239103676,5
2025-03-18,1,0.35816455,0.0018579471337151732,-0.0018579471337151732,5
2025-03-19,0,0.32687017,-0.002523804174013747,0.002523804174013747,5
2025-03-20,0,0.86383176,-0.005072068371072948,-0.005072068371072948,5
2025-03-21,0,0.71146053,-0.001930652964778494,-0.001930652964778494,5
2025-03-24,0,0.5133622,-0.0029753684650424346,-0.0029753684650424346,5
2025-03-25,0,0.41552448,-0.0014897398063046796,0.0014897398063046796,5
2025-03-26,0,0.5412853,-0.004219871121378601,-0.004219871121378601,5
2025-03-27,1,0.35491183,0.005471904928493531,-0.005471904928493531,5
2025-03-28,1,0.67706084,0.002119260589161071,0.002119260589161071,5
2025-03-31,0,0.6201044,-0.00046531882945168224,-0.00046531882945168224,5
2025-04-01,0,0.7258872,-0.0021182604350527302,-0.0021182604350527302,5
2025-04-02,1,0.31562725,0.010385541263550277,-0.010385541263550277,5
2025-04-03,1,0.6269496,0.012304011200254634,0.012304011200254634,5
2025-04-04,0,0.5653857,-0.005374859221748646,-0.005374859221748646,5
2025-04-07,0,0.49884865,-0.006318140368247303,0.006318140368247303,5
2025-04-08,1,0.5849873,0.0059447461760063994,0.0059447461760063994,5
2025-04-09,0,0.23696451,-0.002588063832890867,0.002588063832890867,5
2025-04-10,1,0.46312106,0.02753679368654884,-0.02753679368654884,5
2025-04-11,1,0.6555583,0.007548715960574773,0.007548715960574773,5
2025-04-14,0,0.6754104,-0.0003062899835378224,-0.0003062899835378224,5
2025-04-15,0,0.25637278,-0.004152990399168905,0.004152990399168905,5
2025-04-16,1,0.4218045,0.009177768277881679,-0.009177768277881679,5
2025-04-17,1,0.33105078,0.01012583360643525,-0.01012583360643525,5
2025-04-22,0,0.5121945,-0.014129519405897227,-0.014129519405897227,5
2025-04-23,0,0.32613212,-0.0021091061414329868,0.0021091061414329868,5
2025-04-24,1,0.5082032,0.003927005358487813,0.003927005358487813,5
2025-04-25,0,0.46727008,-0.0025327013127678976,0.0025327013127678976,5
2025-04-28,1,0.4561451,0.005801755768966518,-0.005801755768966518,5
